Abstract_id,Abstract
63,"Abstract Garnets from skarns in the Beinn an Dubhaich granite aureole, Isle of Skye, Scotland, have a large range of concentrations of uranium (0·2–358 ppm) and the rare earth elements (REE) (23–4724 ppm). Variations in these concentrations correlate with major element zonation within the garnets, and with changes in the shape of REE patterns. Typical patterns in most garnets display light REE (LREE) enrichment, flat heavy REE (HREE) distribution and a negative Eu anomaly. These patterns are interpreted to represent equilibrium trace element exchange between pre-existing pyroxene, hydrothermal fluid and calcic garnets. Iron-rich zones are characterized by positive Eu anomalies and an increase in the abundance of the LREE relative to the HREE. These patterns are interpreted as resulting from changes in REE speciation related to the introduction of externally buffered fluid to the skarn system. Relatively Fe-poor zones show strongly HREE-enriched patterns with negative Eu anomalies and in some instances depletions in Y relative to Ho and Dy, which are interpreted as resulting from surface sorption of the REE during rapid, disequilibrium garnet growth. Strong correlations between U abundance and the REE patterns indicate that the same processes have affected U distribution. Both types of pattern can be modified by the effects of closed-system crystallization on REE abundance in the fluid, and changes in fluid major element chemistry."
86,"Abstract Rare earth elements (REEs) have become increasingly important to our modern society due to their strategical significance and numerous high technological applications. Regolith-hosted heavy rare earth element (HREE) deposits in South China are currently the main source of the HREEs, but the ore-forming processes are poorly understood. In these deposits, the REEs are postulated to accumulate in regolith through adsorption on clay minerals. In the Zudong deposit, the world's largest regolith-hosted HREE deposit, clay minerals are dominated by short, stubby, nanometer-scale halloysite tubes (either 10 or 7 Å) and microcrystalline kaolinite in the saprolite and lower pedolith and micrometer-sized vermicular kaolinite in the humic layer and upper pedolith. A critical transformation of the clay minerals in the upper pedolith is coalescence and unrolling of halloysite to form vermicular kaolinite. Microcrystalline kaolinite also transformed to large, well-crystalline vermicular kaolinite. This transformation could result in significant changes in different physicochemical properties of the clay assemblages. Halloysite-abundant clay assemblages in the deep regolith have specific surface area and porosity significantly higher than the kaolinite-dominant clay assemblages in the shallow soils. The crystallinity of clay minerals also increased, exemplified by decrease in Fe contents of the kaolinite group minerals (from ~1.2 wt% in the lower saprolite to ~0.35 wt% in the upper pedolith), thereby indicative of less availability of various types of adsorption sites. Hence, halloysite-abundant clay minerals of high adsorption capacity in deep regolith could efficiently retain the REEs released from weathering of the parent granite. Reduction in adsorption capacity during the clay transformation in shallow depth partially leads to REE desorption, and the released REEs would be subsequently transported to and adsorbed at deeper part of the soil profile. Hence, the clay-adsorbed REE concentration in the lower pedolith and saprolite (~2500 ppm on average) is much higher than the uppermost soils (~400 ppm on average). Therefore, weathering environments that favor the release of the REEs in the shallow soils but preservation of halloysite in the deep regolith can continuously adsorb REEs in the clay minerals to form economically valuable deposits."
123,"The global demand for rare earth elements (REEs) is expected to increase significantly because of their importance in renewable energy and clean storage technologies, which are critical for drastic carbon dioxide emission reduction to achieve a carbon-neutral society. REE ore deposits around the world are scarce and those that have been identified but remain unexploited need to be developed to supply future demands. In this study, the Khalzan Buregtei deposit located in western Mongolia was studied with the aim of upgrading low-grade REE ore via magnetic separation techniques. The total REE content in this ore was ~6720 ppm (~3540 ppm light REE (LREE) + ~3180 ppm heavy REE (HREE)) with bastnaesite, pyrochlore, synchysite, and columbite-(Fe) identified as the main REE-bearing minerals. As the particle size fraction decreased from −4.0 + 2.0 mm to −0.5 + 0.1 mm, the recovery by dry high-intensity magnetic separation (DHIMS) increased from 20% to 70% of total rare earth oxide (TREO) while the enrichment ratio reached 2.8 from 1.3. Although effective, gangue minerals such as quartz and aluminosilicates were recovered (~22%) due most likely to insufficient liberation. Meanwhile, the wet high-intensity magnetic separation (WHIMS) could produce a magnetic concentrate with TREO recovery of ~80% and enrichment ratio of 5.5 under the following conditions: particle size fraction, −106 + 75 μm; feed flow rate, 3.2 L/min; magnetic induction, 0.8 T. These results indicate that combining DHIMS and WHIMS to upgrade the low-grade REE ore from the Khalzan Buregtei deposit is an effective approach."
141,"Feldspathic leucosomes occur in an ultrahigh-temperature (UHT) metamorphosed garnet-bearing paragneiss/quartzite in the Napier Complex, East Antarctica. Coarse (200-400 μm) zircon grains occurring in the leucosomes display 3 textural domains: (I) dark-CL (cathodoluminescence) structured inner-core, (II) bright-CL structured outer-core, and (III) dark-CL structureless rim. Chemical compositions, especially chondrite-normalized REE patterns obtained by SIMS analysis, correlate with these three domains: the inner-core (domain-I) shows HREE-enrichment with Yb(n)/Gd(n) = 3.3, whereas the outer-core (II) and rim (III) have flat to relatively depleted HREE patterns with Yb(n)/Gd(n) = 0.7-0.8. Th/U ratios decrease from 3.2 in the zircon inner-core (I) to 1.2 in outer-core (II) and to 0.3 in the rim (III). Garnets near such zircon grains display two trace element compositional features. Firstly, high core Zr contents (300 ppm) decrease to 100 ppm within 50-100 μm of grain rims. Secondly, the HREE distribution between zircon inner-core (I) and garnet core is 2 at Gd (GdDZrn/Grt = 2), rising to 8 at Lu (LuDZrn/Grt = 8), whereas those defined from zircon outer-core (II) or rim (III) and garnet core or rim are much lower and generally below 1 for Gd thruogh to Lu (GdDZrn/Grt = 0.8-1.2; LuDZrn/Grt = 0.6-0.7). This marked change in the HREE distribution between zircon and garnet must reflect either a change in the minerals with which the zircon was growing or being modified, a change in the physical and chemical conditions of zircon growth, or a combination of the two. Based on comparisons with recent estimates of equilibrium zircon/garnet HREE distribution coefficients we infer that the inner-core (I) did not grow with the garnet that occurs in the paragneiss but grew within a garnet-absent melt that was then injected into the gneiss. The resulting leucosome then underwent wall-rock reaction with the enclosing garnet-bearing gneiss, causing a decrease in garnet to Zr contents to values approaching equilibrium with melt, and precipitating the zircon outer-core (II). Finally, the zircon rim (III) and later monazite formed in a HREE depleted environment. Melt injection, reaction and crystallization of the leucosomes took place within the time interval 2496-2471 Ma at the end of the UHT history of the Napier Complex."
156,"Abstract Rare-earth elements ( REE ) are viewed as 'critical metals' due to a complex array of production and political issues, most notably a near monopoly in supply from China. Red mud, the waste product of the Bayer process that produces alumina from bauxite, represents a potential secondary resource of REE . Karst bauxite deposits represent the ideal source material for REE -enriched red mud as the conditions during formation of the bauxite allow for the retention of REE . The REE pass through the Bayer Process and are concentrated in the waste material. Millions of tonnes of red mud are currently stockpiled in onshore storage facilities across Europe, representing a potential REE resource. Red mud from two case study sites, one in Greece and the other in Turkey, has been found to contain an average of ∼1000 ppm total REE , with an enrichment of light over heavy REE . Although this is relatively low grade when compared with typical primary REE deposits (Mountain Pass and Mount Weld up to 80,000 ppm), it is of interest because of the large volumes available, the cost benefits of reprocessing waste, and the low proportion of contained radioactive elements. This work shows that ∼12,000 tonnes of REE exist in red mud at the two case study areas alone, with much larger resources existing across Europe as a whole."
160,"Subducted sediments play an important role in arc magmatism and crust–mantle recycling. Models of continental growth, continental composition, convergent margin magmatism and mantle heterogeneity all require a better understanding of the mass and chemical fluxes associated with subducting sediments. We have evaluated subducting sediments on a global basis in order to better define their chemical systematics and to determine both regional and global average compositions. We then use these compositions to assess the importance of sediments to arc volcanism and crust–mantle recycling, and to re-evaluate the chemical composition of the continental crust. The large variations in the chemical composition of marine sediments are for the most part linked to the main lithological constituents. The alkali elements (K, Rb and Cs) and high field strength elements (Ti, Nb, Hf, Zr) are closely linked to the detrital phase in marine sediments; Th is largely detrital but may be enriched in the hydrogenous Fe–Mn component of sediments; REE patterns are largely continental, but abundances are closely linked to fish debris phosphate; U is mostly detrital, but also dependent on the supply and burial rate of organic matter; Ba is linked to both biogenic barite and hydrothermal components; Sr is linked to carbonate phases. Thus, the important geochemical tracers follow the lithology of the sediments. Sediment lithologies are controlled in turn by a small number of factors: proximity of detrital sources (volcanic and continental); biological productivity and preservation of carbonate and opal; and sedimentation rate. Because of the link with lithology and the wealth of lithological data routinely collected for ODP and DSDP drill cores, bulk geochemical averages can be calculated to better than 30% for most elements from fewer than ten chemical analyses for a typical drill core (100–1000 m). Combining the geochemical systematics with convergence rate and other parameters permits calculation of regional compositional fluxes for subducting sediment. These regional fluxes can be compared to the compositions of arc volcanics to asses the importance of sediment subduction to arc volcanism. For the 70% of the trenches worldwide where estimates can be made, the regional fluxes also provide the basis for a global subducting sediment (GLOSS) composition and flux. GLOSS is dominated by terrigenous material (76 wt% terrigenous, 7 wt% calcium carbonate, 10 wt% opal, 7 wt% mineral-bound H2O+), and therefore similar to upper continental crust (UCC) in composition. Exceptions include enrichment in Ba, Mn and the middle and heavy REE, and depletions in detrital elements diluted by biogenic material (alkalis, Th, Zr, Hf). Sr and Pb are identical in GLOSS and UCC as a result of a balance between dilution and enrichment by marine phases. GLOSS and the systematics of marine sediments provide an independent approach to the composition of the upper continental crust for detrital elements. Significant discrepancies of up to a factor of two exist between the marine sediment data and current upper crustal estimates for Cs, Nb, Ta and Ti. Suggested revisions to UCC include Cs (7.3 ppm), Nb (13.7 ppm), Ta (0.96 ppm) and TiO2 (0.76 wt%). These revisions affect recent bulk continental crust estimates for La/Nb and U/Nb, and lead to an even greater contrast between the continents and mantle for these important trace element ratios. GLOSS and the regional sediment data also provide new insights into the mantle sources of oceanic basalts. The classical geochemical distinction between `pelagic' and `terrigenous' sediment sources is not valid and needs to be replaced by a more comprehensive understanding of the compositional variations in complete sedimentary columns. In addition, isotopic arguments based on surface sediments alone can lead to erroneous conclusions. Specifically, the Nd/Hf ratio of GLOSS relaxes considerably the severe constraints on the amount of sediment recycling into the mantle based on earlier estimates from surface sediment compositions."
161,"In recent years, the global demand for rare earth elements (REEs) is at a constant raise owing to their critical role in technological advancements. REEs, being listed as one of the critical raw materials, especially scandium (Sc), piques immense research interest in their procurement via secondary resources such as mining effluents and industrial processing residues. Hence, in this study, we explored the feasibility of using green marine algae, Posidonia oceanica , for the selective recovery of Sc and other REEs from diluted waste streams such as acidic mine drainage (AMD) and seawater. The studies were directed towards the investigation of Sc 3+ uptake by the algal biomass in a single- and multi-component system for the determination of optimal process conditions such as pH (1–5), initial feed concentration (1–200 ppm), contact time (0–24 h) and temperature (20–45 °C). The experimental data on Sc 3+ uptake in a single-component system were best described by Langmuir isotherm and pseudo-second-order kinetic models. Further, a major part of the work was focused on understanding the intraseries REE adsorption trend with regard to algal affinity towards the light or heavy REEs. Grafting of 1-(2-pyridylazo)-2-naphthol (PAN) onto algal biomass led to the enhancement of overall adsorption capacities and affinities towards all REEs. PAN grafted onto algal biomass (2-algae-P) of this study demonstrated a maximum Sc 3+ adsorption capacity of 66.81 mg/g (pH 5, 20 °C, 24 h, dosage 1 g/L), comparatively higher to the other algal bio-sorbents found in the literature. Besides, the attachment of the coordination ligand onto the algal biomass also depicted a promising potential to assist the development of optical sensors for the rapid detection of REEs in wastewater."
162,"Abstract— Isotopic and trace element compositions of Martian meteorites show that early differentiation of Mars produced complementary crustal and mantle reservoirs that were sampled by later magmatic events. This paper describes a mass balance model that estimates the rare earth element (REE) content and thickness of the crust of Mars from the compositions of shergottites. The diverse REE and Nd isotopic compositions of shergottites are most easily explained by variable addition of light rare earth element (LREE)–enriched crust to basaltic magmas derived from LREE‐depleted mantle source regions. Antarctic shergottites EET 79001, ALH 77005, LEW 88516, and QUE 94201 all have strongly LREE‐depleted patterns and positive initial 143 Nd isotopic compositions, which is consistent with the generation of these magmas from depleted mantle sources and little or no interaction with enriched crust. In contrast, Shergotty and Zagami have negative initial 143 Nd isotopic compositions and less pronounced depletions of the LREE, which have been explained by incorporation of enriched crustal components into mantle‐derived magmas (Jones, 1989; Longhi, 1991; Borg et al. , 1997). The mass balance model presented here derives the REE composition of the crustal component in Shergotty by assuming it represents a mixture between a mantle‐derived magma similar in composition to EET 79001A and a LREE‐enriched crustal component. The amount of crust in Shergotty is constrained by mixing relations based on Nd‐isotopic compositions, which allows the REE pattern of the crustal component to be calculated by mass balance. The effectiveness of this model is demonstrated by the successful recovery of important characteristics of the Earth's continental crust from terrestrial Columbia River basalts. Self‐consistent results for Nd‐isotopic compositions and REE abundances are obtained if Shergotty contains ∼10–30% of LREE‐enriched crust with &gt;10 ppm Nd. This crustal component would have moderately enriched LREE (Sm/Nd = 0.25–0.27; 147 Sm/ 144 Nd = 0.15–0.17; La/Yb = 2.7–3.8), relatively unfractionated heavy rare earth elements (HREE), and no Eu anomaly. Crust with these characteristics can be produced from a primitive lherzolitic Martian mantle by modest amounts (2–8%) of partial melting, and it would have a globally averaged thickness of &lt;45 km, which is consistent with geophysical estimates. Mars may serve as a laboratory to investigate planetary differentiation by extraction of a primary basaltic crust."
179,"Rare earth elements (REEs) including Scandium (Sc) are critical raw materials which are greatly needed in the advancement of many modern technologies. Due to the problems associated with the primary extraction of mining ores, the procurement of Sc and REEs from the secondary resources are currently explored adopting the principle of sustainability and circular economy. Herein, for the first time, the Electrodialysis (ED) technology based on electrochemical membrane separation process is successfully applied to separate and concentrate REEs from the diluted aqueous system. The overall performance of ED process in the recovery of Sc3+ ions from the wastewater was assessed by applied current, voltage, feed concentration, feed pH, co-ion competition and the overall energy consumption of the process. The REE recovery using the ED process was subjected to systematic investigations using both chronopotentiometric and chronoamperometric analyses. The results showed that ED process could be very promising in the recovery of Sc3+ ions (~99.52% removal) from the diluted wastewater, consuming the energy of only 0.26 kWh/m3 when operated at constant voltage mode (Sc3+ concentration of 20 ppm, pH 4, 1 h)."
184,"One of the key activities during the initial phase of the international GEOTRACES program was an extensive international intercalibration effort, to ensure that results for a range of trace elements and isotopes (TEIs) from different cruises and from different laboratories can be compared in a meaningful way. Here we present the results from the intercalibration efforts on neodymium isotopes and rare earth elements in seawater and marine particles. Fifteen different laboratories reported results for dissolved 143 Nd/ 144 Nd ratios in seawater at three different locations (BATS 15 m, BATS 2000 m, SAFe 3000 m), with an overall agreement within 47 to 57 ppm (2σ standard deviation of the mean). A similar agreement was found for analyses of an unknown pure Nd standard solution carried out by 13 laboratories (56 ppm), indicating that mass spectrometry is the main variable in achieving accurate and precise Nd isotope ratios. Overall, this result is very satisfactory, as the achieved precision is a factor of 40 better than the range of Nd isotopic compositions observed in the global ocean. Intercalibration for dissolved rare earth element concentrations (REEs) by six laboratories for two water depths at BATS yielded a reproducibility of 15% or better for all REE except Ce, which seems to be the most blank‐sensitive REE. Neodymium concentrations from 12 laboratories show an agreement within 9%, reflecting the best currently possible reproducibility. Results for Nd isotopic compositions and REE concentrations on marine particles are inconclusive, and should be revisited in the future."
188,"This paper reports geochemical characteristics of granitic rocks and enrichment of rare earth elements (REE) in their weathered crusts in central and southern Laos in order to assess a REE resource potential of ion-adsorption type mineralization. The granitic rocks in the studied area consist mainly of biotite ± hornblende granodiorite and biotite granite with low to moderate total REE contents with the range of 36 - 339 ppm. The granitic rocks are enriched in light REE (LREE) with the depletion of heavy REE (HREE) compared with HREE-enriched granites in southern China and southwest Japan.This difference in the enrichment of HREE is probably derived from poor differentiation of magma for granite. Weathered crusts of the granitic rocks are generally well developed and rich in kaolin and illite.The weathered crusts can be divided into the A, B and C horizons from top to bottom and the B horizon is enriched in REE relative to the parent rocks whereas the A and C horizons are generally depleted or less enriched in REE. Weathered crusts with relatively high REE contents are locally identifi ed in the Attapu and Xaisomboun districts. Geochemical data and results of sequential leaching suggest that the enrichment of REE is attributed to the occurrence of ion-exchangeable clay minerals and REE phosphates in the weathered crusts and that HREE are selectively adsorbed on the clay minerals than LREE by weathering."
213,"The resource budget of Earth is limited. Rare-earth elements (REEs) are used across the world by society on a daily basis yet several of these elements have &lt;2500 years of reserves left, based on current demand, mining operations, and technologies. With an increasing population, exploration of potential extraterrestrial REE resources is inevitable, with the Earth’s Moon being a logical first target. Following lunar differentiation at ~4.50–4.45 Ga, a late-stage (after ~99% solidification) residual liquid enriched in Potassium (K), Rare-earth elements (REE), and Phosphorus (P), (or “KREEP”) formed. Today, the KREEP-rich region underlies the Oceanus Procellarum and Imbrium Basin region on the lunar near-side (the Procellarum KREEP Terrain, PKT) and has been tentatively estimated at preserving 2.2 × 108 km3 of KREEP-rich lithologies. The majority of lunar samples (Apollo, Luna, or meteoritic samples) contain REE-bearing minerals as trace phases, e.g., apatite and/or merrillite, with merrillite potentially contributing up to 3% of the PKT. Other lunar REE-bearing lunar phases include monazite, yittrobetafite (up to 94,500 ppm yttrium), and tranquillityite (up to 4.6 wt % yttrium, up to 0.25 wt % neodymium), however, lunar sample REE abundances are low compared to terrestrial ores. At present, there is no geological, mineralogical, or chemical evidence to support REEs being present on the Moon in concentrations that would permit their classification as ores. However, the PKT region has not yet been mapped at high resolution, and certainly has the potential to yield higher REE concentrations at local scales (&lt;10s of kms). Future lunar exploration and mapping efforts may therefore reveal new REE deposits. Beyond the Moon, Mars and other extraterrestrial materials are host to REEs in apatite, chevkinite-perrierite, merrillite, whitlockite, and xenotime. These phases are relatively minor components of the meteorites studied to date, constituting &lt;0.6% of the total sample. Nonetheless, they dominate a samples REE budget with their abundances typically 1–2 orders of magnitude enriched relative to their host rock. As with the Moon, though phases which host REEs have been identified, no extraterrestrial REE resource, or ore, has been identified yet. At present extraterrestrial materials are therefore not suitable REE-mining targets. However, they are host to other resources that will likely be fundamental to the future of space exploration and support the development of in situ resource utilization, for example: metals (Fe, Al, Mg, PGEs) and water."
218,"Rare earth elements (REEs) generate characteristic absorption features in visible to shortwave infrared (VNIRSWIR) reflectance spectra. Neodymium (Nd) has among the most prominent absorption features of the REEs and thus represents a key pathfinder element for the REEs as a whole. Given that the world's largest REE deposits are associated with carbonatites, we present spectral, petrographic, and geochemical data from a predominantly carbonatitic suite of rocks that we use to assess the feasibility of imaging REE deposits using remote sensing. Samples were selected to cover a wide range of extents and styles of REE mineralization, and encompass calcio-, ferro-and magnesio-carbonatites. REE ores from the Bayan Obo (China) and Mountain Pass (United States) mines, as well as REE-rich alkaline rocks from the Motzfeldt and Ilímaussaq intrusions in Greenland, were also included in the sample suite. The depth and area of Nd absorption features in spectra collected under laboratory conditions correlate positively with the Nd content of whole-rock samples. The wavelength of Nd absorption features is predominantly independent of sample lithology and mineralogy. Correlations are most reliable for the two absorption features centered at ∼744 and ∼802 nm that can be observed in samples containing as little as ∼1,000 ppm Nd. By convolving laboratory spectra to the spectral response functions of a variety of remote sensing instruments we demonstrate that hyperspectral instruments with capabilities equivalent to the operational Airborne Visible-Infrared Imaging Spectrometer (AVIRIS) and planned Environmental Mapping and Analysis Program (EnMAP) systems have the spectral resolutions necessary to detect Nd absorption features, especially in high-grade samples with economically relevant REE accumulations (Nd&gt; 30,000 ppm). Adding synthetic noise to convolved spectra indicates that correlations between Nd absorption area and whole-rock Nd content only remain robust when spectra have signal-to-noise ratios in excess of ∼250:1. Although atmospheric interferences are modest across the wavelength intervals relevant for Nd detection, most REE-rich outcrops are too small to be detectable using satellite-based platforms with&gt;30-m spatial resolutions. However, our results indicate that Nd absorption features should be identifiable in high-quality, airborne, hyperspectral datasets collected at meter-scale spatial resolutions. Future deployment of hyperspec-tral instruments on unmanned aerial vehicles could enable REE grade to be mapped at the centimeter scale across whole deposits."
225,"The increasing demand for rare earth elements (REEs) in the modern economy motivates the development of novel strategies for cost-effective REE recovery from nontraditional feedstocks. We previously engineered E. coli to express lanthanide binding tags on the cell surface, which increased the REE biosorption capacity and selectivity. Here we examined how REE adsorption by the engineered E. coli is affected by various geochemical factors relevant to geothermal fluids, including total dissolved solids (TDS), temperature, pH, and the presence of specific competing metals. REE biosorption is robust to TDS, with high REE recovery efficiency and selectivity observed with TDS as high as 165,000 ppm. Among several metals tested, U, Al, and Pb were found to be the most competitive, causing >25% reduction in REE biosorption when present at concentrations ∼3- to 11-fold higher than the REEs. Optimal REE biosorption occurred between pH 5-6, and sorption capacity was reduced by ∼65% at pH 2. REE recovery efficiency and selectivity increased as a function of temperature up to ∼70 °C due to the thermodynamic properties of metal complexation on the bacterial surface. Together, these data define the optimal and boundary conditions for biosorption and demonstrate its potential utility for selective REE recovery from geofluids."
228,"Μining waste, processing by-products and mine water discharges pose a serious threat to the environment as in many cases they contain high concentrations of toxic substances. However, they may also be valuable resources. The main target of the current review is the comparative study of the occurrence of rare earth elements (REE) in mining waste and mine water discharges produced from the exploitation of coal, bauxite, phosphate rock and other ore deposits. Coal combustion ashes, bauxite residue and phosphogypsum present high percentages of critical REEs (up to 41% of the total REE content) with ΣREY content ranging from 77 to 1957.7 ppm. The total REE concentrations in mine discharges from different coal and ore mining areas around the globe are also characterised by a high range of concentrations from 0.25 to 9.8 ppm and from 1.6 to 24.8 ppm, respectively. Acid mine discharges and their associated natural and treatment precipitates seem to be also promising sources of REE if their extraction is coupled with the simultaneous removal of toxic pollutants."
239,"Recovering aqueous rare earth elements (REEs) from domestic water sources is one key strategy to diminish the U.S.’s foreign reliance of these precious commodities. Herein, we synthesized an array of porous, amine–epoxy monolith and particle REE recovery sorbents from different polyamine, namely tetraethylenepentamine, and diepoxide (E2), triepoxide (E3), and tetra-epoxide (E4) monomer combinations via a polymer-induced phase separation (PIPS) method. The polyamines provided −NH 2 (primary amine) plus −NH (secondary amine) REE adsorption sites, which were partially reacted with C–O–C (epoxide) groups at different amine/epoxide ratios to precipitate porous materials that exhibited a wide range of apparent porosities and REE recoveries/affinities. Specifically, polymer particles (ground monoliths) were tested for their recovery of La 3+, Nd 3+, Eu 3+, Dy 3+, and Yb 3+ (Ln 3+ ) species from ppm-level, model REE solutions (pH ≈ 2.4, 5.5, and 6.4) and a ppb-level, simulated acid mine drainage (AMD) solution (pH ≈ 2.6). Screening the sorbents revealed that E3/TEPA-88 (88% theoretical reaction of −NH 2 plus −NH) recovered, overall, the highest percentage of Ln 3+ species of all particles from model 100 ppm- and 500 ppm-concentrated REE solutions. Water swelling (monoliths) and ex situ, diffuse reflectance infrared Fourier transform spectroscopy (DRIFTS) (ground monoliths/particles) data revealed the high REE uptake by the optimized particles was facilitated by effective distribution of amine and hydroxyl groups within a porous, phase-separated polymer network. In situ DRIFTS results clarified that phase separation, in part, resulted from polymerization of the TEPA-E3 ( N - N -diglycidyl-4-glycidyloxyaniline) species in the porogen via C–N bond formation, especially at higher temperatures. Most importantly, the E3/TEPA-88 material cyclically recovered >93% of ppb-level Ln 3+ species from AMD solution in a recovery–strip–recovery scheme, highlighting the efficacy of these materials for practical applications."
266,"Karst bauxite deposits are currently investigated as a new resource for rare earth elements (REE) in order to avoid present and future supply shortfalls of these critical metals. The present work focuses on the geochemistry and mineralogy of the REE in karst bauxite deposits of the Catalan Coastal Range (CCR), NE-Spain. It is revealed that the studied bauxitic ores have a dominant breccia and local ooido-pisoidic and pelitomorphic texture. The bauxitic ores are mostly composed of kaolinite and hematite, as well as of lesser amounts of boehmite, diaspore, rutile and calcite. The mineralogy and major element composition indicate incomplete bauxitization of an argillaceous precursor material possibly derived from the erosion of the Mesozoic Ebro massif paleo-high. The studied bauxites are characterized by ∑REE (including Sc, Y) between 286 and 820 ppm (av. 483 ppm) and light REE to heavy REE (LREE/HREE) ratios up to 10.6. REE are mainly concentrated in phosphate minerals, identified as monazite-(Ce) and xenotime-(Y) of detrital origin and unidentified REE-phosphates of a possible authigenic origin. REE remobilization presumably took place under acidic conditions, whereas REE entrapment in the form of precipitation of authigenic rare earth minerals from percolating solutions was related to neutral to slightly alkaline conditions. During the bauxitization process no significant REE fractionation took place and the REE distribution pattern of the bauxitic ores was governed by the REE budget of the precursor material. Finally, adsorption as a main REE scavenging mechanism in the studied CCR bauxite deposits should not be considered, since the presented data did not reveal significant REE contents in Fe-and Mn-oxyhydroxides and clay minerals."
275,"Fly ash was collected from individual mechanical and electrostatic precipitator (ESP) hoppers at a 130-MW pulverized-coal utility unit burning a southeastern Kentucky moderate- to high-S Pennsylvanian Fire Clay coal. The fly ash particle size is generally similar within each row of the mechanical and ESP hoppers, with the mean particle diameter decreasing from >36 μmin the mechanical hoppers to 6 μm in the last ESP row. Rare earth element (REE)–bearing phases occur within fine minerals and, possibly, as part of the fly ash glass phase. Transmission electron microscopy was used to identify Y-Ce-Nd-La–bearing regions within a glassy matrix. Y- and U-bearing zircons were also found in the fly ash. Total REE plus yttrium (REY) occupies a narrow range from 719 to 775 ppm, showing an overall lack of partitioning of the REY elements with respect to particle size and temperature in ash collection systems. The heavy REE increase and the light REE/heavy REE ratio decreases from the mechanical hoppers through ESP rows."
283,"The Xuanwei Formation is widely distributed in western Guizhou Province, NW China, the lower section of which is primarily composed of gray-white kaolinitic claystone interbedded with thin layers of grayish black carbonaceous mudstone that are extremely enriched with rare earth elements. In order to determine the distribution patterns and existing status of ore-forming elements in these rocks, careful field investigations were performed along a selected geological profile and rock samples were collected and studied in terms of mineralogical and geochemical characteristics. The results show that: 1) REEs are primarily enriched in the grayish white kaolinitic clay sediments and grayish black carbonaceous mudstone. Mineralogical analyses revealed kaolinite as the major mineral in rocks along with smaller amounts of smectite, illite, boehmite, hornblende, pyrophyllite, calcite, dolomite and/or iron-bearing minerals, as well as a certain proportion of feldspar, quartz crystal debris and non-crystal debris. 2) ∑ REE contents are 89.0 to 9965 ppm with an average of 1312 ppm. The thickness of the host rock with ∑ REE higher than 1300 ppm is more than 4 m, which is referred to as the “REE-enriched layer”. 3) The REE contents of bulk rocks exhibit a negative correlation with kaolinite, positive correlations with boehmite, hornblende and iron-bearing minerals, and weak positive correlations with smectite, illite and pyrophyllite, indicating that the REE might exist in an ion adsorption state in the space between the layers of clay minerals. 4) Compared with the underlying Emeishan Basalts, the REE patterns of samples are quite similar but are enriched in both LREE and HREE. The degree of enrichment of HREE is relatively high. Based on these results, a model is suggested where the REE-enriched layers originated from the Emeishan Basalts and were controlled by the transportation and deposition of detritus from a paleo-weathering crust. The hard clay rocks have a significant resource potential, as the contents of REE, Ga, Nb and Zr are considerably higher than those in the weathering crust type of REE deposit."
306,"Skeletal and non-skeletal components of marine sedimentary rocks have been analyzed for the purpose of reconstructing the rare earth element (REE) and yttrium (Y) compositions of paleo-seawater, but skeletal carbonates frequently have proven to be unreliable recorders of seawater chemistry. Here, we present a systematic multi-technique assessment of rare earth and other trace elements in ooid sands from the modern Great Bahama Bank (GBB–marine) and Great Salt Lake (GSL–continental) based on strong-acid (hydrofluoric and nitric) and weak-acid (acetic) digestions, as well as laser ablation (LA) of ooid cortices and nuclei. The results show that Bahamian ooid cortices possess shale-normalized REE + Y features nearly identical to those of shallow seawater, including limited contamination from siliciclastic REEs. An admixture of even 0.2% of detritally sourced material can modify the primary marine REE + Y patterns by, for example, increasing the light REE (LREE) content. Mean values of LA data for Bahamian ooid cortices exhibit similar REE + Y signatures to those produced by acetic acid digestion, but LA data are generally noisier, primarily as a result of low REE concentrations and the small volume of carbonate ablated in analysis. Screening out samples with ΣREE <0.9 ppm reveals more uniform, seawater-like REE + Y patterns in individual ooid cortices as well as high, uniform REE distribution coefficients (116 ± 21, from La to Lu) with respect to ambient seawater. Ooid laminae show no distinct alternation between oxic and anoxic pore fluid characteristics, suggesting that growing ooids primarily formed under oxic conditions in carbonate shoal settings, even when buried during their resting phase. Unlike Bahamian ooids, shale-normalized REE + Y patterns of GSL ooids digested in weak acid show slightly depleted LREE compositions that may deviate from ambient fluids owing to release of REEs from an included clay fraction based on comparison between digestion and LA methods. Multiple ablation spots within the same cortex allowed direct comparison of more and less contaminated portions of a single ooid. Nearly uniform positive Ce anomalies may be related to strongly alkaline water conditions. Individual ablation spots that are partially overprinted by siliciclastic-derived REEs contain variable Zr contents (from 0.096 to ~4 ppm) and flattened shale-normalized LREE patterns. The least-contaminated GSL ooid cortex yields an LREE-depleted REE + Y distribution. Normalization of the REE + Y distributions of least-contaminated GSL ooids using reliable GBB ooid distributions (i.e., with ΣREE > 0.9 ppm) returns a flat pattern, suggesting similar degrees of LREE depletion controlled by carbonate complexation under similar aqueous alkalinity conditions in Great Salt Lake and Bahamian waters. In summary, ooids can be a reliable proxy for REE + Y characteristics of ambient surficial waters when adopting suitable analytical methods, including laser ablation, that allow the identification and isolation of a contamination signal from siliciclastic detritus."
316,"Extremely U-depleted (<1 ppm) zircons from H8 banded ores in the East Orebody of the Bayan Obo REE–Nb–Fe deposit are presented, with mineral compositions, textures, 232Th–208Pb SHRIMP ages and petrological context. Cores of East Orebody zircon contain up to 7 wt% HfO2 and are zoned, depicting bipyramidal crystal forms. A distinct generation of patchy, epitaxial rim zircon, similarly depleted in U, is intergrown with rare earth ore minerals (bastnäsite, parisite, monazite). Overprinting aegirine textures indicate paragenetically late, reactive Na-rich fluids. Chondrite-normalized REE patterns without Eu anomalies match closely with those from the Mud Tank and Kovdor carbonatitic zircons. Increased HREE in rims ((Lu/Gd)N 43–112) relative to cores ((Lu/Gd)N 6–7.5) and the localized presence of xenotime are attributable to reactive, mineralizing fluid compositions enriched in Y, REE and P. Cathodoluminescence further reveals HREE fractionation in rims, evidenced by a narrow-band Er3+ emission at 405 nm. The extreme depletion of U in core and rim zircon is characteristic for this mineral deposit and is indicative of a persistent common source. U depletion is also a characteristic for zircons from carbonatitic or kimberlitic systems. 232Th–208Pb (SHRIMP II) geochronological data reveal the age of zircon cores as 1,325 ± 60 Ma and a rim-alteration event as 455.6 ± 28.27 Ma. The combined findings are consistent with a protolithic igneous origin for zircon cores, from a period of intrusive, alkaline–carbonatitic magmatism. Fluid processes responsible for the REE–Nb mineralizations affected zircon rim growth and degradation during the widely reported Caledonian events, providing a new example in a localized context of HREE enrichment processes."
351,"Abstract Studies of Mesozoic granites associated with rare earth element (REE)‐rich weathered crust deposits in southernmost Jiangxi Province indicate that they have high‐K to shoshonite compositions and belong to ilmenite‐series I‐type granites. Of the studied rocks at 59–292 ppm of bulk REE content, the highest are seen in the biotite granites of Dingnan (358, 429 ppm) and mafic biotite granite of the Wuliting Granite (344 ppm) near the Dajishan tungsten mine, both areas where weathered‐crust REE deposits occur. REE‐bearing accessory minerals in these granites are mainly zircon, apatite and allanite, and REE‐fluorocarbonates are common. REE enrichment occurs in the rims of apatite crystals, and in fluorocarbonates that occur along grain boundaries of and cracks in major silicate minerals, and in fluorocarbonates that replaced altered biotite. It is therefore thought that a major part of the REE content of these granites was concentrated during deuteric activity, rather than during magmatic crystallization. The crack‐filling REE‐fluorocarbonates could subsequently have been easily leached out and deposited in weathered crust developed during a long period of exposure."
361,"The rare earth elements (REE), comprising 15 elements of the lanthanum series (La-Lu) together with yttrium (Y) and scandium (Sc), have become of particular interest because of their use, for example, in modern communications, renewable energy generation, and the electrification of transport. However, the security of supply of REE is considered to be at risk due to the limited number of sources, with dependence largely on one supplier that produced approximately 63% of all REE in 2019. As a result, there is a growing need to diversify supply. This has resulted in the drive to seek new resources elsewhere, and particularly on the deep-ocean floor. Here, we give a summary of REE distribution in minerals, versatile applications, and an update of their economic value. We present the most typical onshore methods for the determination of REE and examine methods for their offshore exploration in near real time. The motivation for this comes from recent studies over the past decade that showed ΣREE concentrations as high as 22,000 ppm in ocean-floor sediments in the Pacific Ocean. The ocean-floor sediments are evaluated in terms of their potential as resources of REE, while the likely economic cost and environmental impacts of deep-sea mining these are also considered."
375,"Palaeocene (c. 55–58 Ma) adakitic andesites from the Yanji area, NE China, are typically clinopyroxene-bearing sodic andesites containing 60· 9–62· 2% SiO2 and 4· 02–4· 36% MgO, with high Mg-number [100 Mg/(Mg + ΣFe) atomic ratio] from 65· 5 to 70· 1. Whole-rock geochemical features include high Cr (128–161 ppm) and Ni (86–117 ppm) concentrations, extremely high Sr (2013–2282 ppm), low Y (10–11 ppm) and heavy rare earth elements (HREE; e.g. Yb = 0· 79–1· 01 ppm), and mid-ocean ridge basalt (MORB)-like Sr–Nd–Pb isotopic compositions [e.g. 87Sr/ 86Sr(i) = 0· 70298–0· 70316, εNd(t) = +3· 8 to +6· 3 and 206Pb/ 204Pb = 17· 98 – 18· 06], analogous to high-Mg adakites occurring in modern subduction zones. However, mineralogical evidence from clinopyroxene phenocrysts and microcrystalline plagioclase clearly points to magma mixing during magma evolution. Iron-rich clinopyroxene (augite) cores with low Sr, high Y and heavy REE contents, slightly fractionated REE patterns and large negative Eu anomalies probably crystallized along with low-Ca plagioclase from a lower crustal felsic magma. In contrast, high Mg-number clinopyroxene (diopside and endiopside) mantles and rims have higher Sr and lower HREE and Y concentrations, highly fractionated REE patterns (high La/Yb) and negligible Eu anomalies, similar to those found in adakites from subduction zones. The Yanji adakitic andesites can be interpreted as a mixture between a crust-derived magma having low Mg-number and Sr, and high Y and HREE, and a mantle-derived high Mg-number adakite having high Sr and low Y and HREE concentrations. During storage and/or ascent, the mixed magma experienced further crustal contamination to capture zircons, of a range of ages, from the wall rocks. The absence of coeval arc magmatism and an extensional tectonic regime in the Yanji area and surrounding regions suggest that these Palaeocene adakitic andesites were formed during post-subduction extension that followed the late Cretaceous Izanagi–Farallon ridge subduction. Generation of these adakitic andesites does not require contemporaneous subduction of a young, hot oceanic ridge or delamination of eclogitic lower crust as suggested by previous models."
385,"Abstract Weathered crust of granitic rocks of two geochemically similar plutons that differ in age of magmatism were investigated in the Philippines. These are the Cretaceous Daroctan Granite and the Middle Miocene Kapoas Granitoid located in Palawan Island, a part of the Palawan Continental Block derived from the continental margin of southeastern Eurasia. Both plutons are composed of biotite granodiorite and biotite granite and are geochemically characterized as ilmenite series, high‐K calc‐alkaline, intermediate I‐ and S‐types, and peraluminous. Light rare earth element (LREE) content of the weathered granitic crusts in the Kapoas Granitoid is higher than that in the Daroctan Granite, and LREE are enriched in the Daroctan Granite compared to the parent granitic rocks. In both plutons, the residual REE‐bearing minerals are mostly monazite. Allanite is only present in the Kapoas Granitoid while the Daroctan Granite contains xenotime. The Kapoas Granitoid pluton shows potential for placer‐type LREE deposit as observed in the elevated LREE content of the stream and beach sediments containing La, Ce, Nd and Sm up to &gt;10,000 ppm. Sequential leaching extraction of REE using eight reagents which selectively dissolved REE with different mode of occurrence (i.e. water soluble, ion‐exchangeable salts, Pb‐displaceable, acid soluble, Mn‐oxide occluded, organically‐bound, amorphous Fe‐oxide occluded, and crystalline Fe‐oxide occluded forms), show that the Daroctan Granite has a potential for ion‐adsorption type REE resource with proportion of extracted REE ranging from 53 to 74 % among ΣREE. Formation of secondary REE‐bearing minerals, such as cerianite formed on the surface of clay minerals, results in enrichment of REE."
443,"The Devonian (ca. 385–360 Ma) Kola Alkaline Province includes 22 plutonic ultrabasic–alkaline complexes, some of which also contain carbonatites and rarely phoscorites. The latter are composite silicate–oxide–phosphate–carbonate rocks, occurring in close space-time genetic relations with various carbonatites. Several carbonatites types are recognized at Kola, including abundant calcite carbonatites (early- and late-stage), with subordinate amounts of late-stage dolomite carbonatites, and rarely magnesite, siderite and rhodochrosite carbonatites. In phoscorites and early-stage carbonatites the rare earth elements (REE) are distributed among the major minerals including calcite (up to 490 ppm), apatite (up to 4400 ppm in Kovdor and 3.5 wt.% REE2O3 in Khibina), and dolomite (up to 77 ppm), as well as accessory pyrochlore (up to 9.1 wt.% REE2O3) and zirconolite (up to 17.8 wt.% REE2O3). Late-stage carbonatites, at some localities, are strongly enriched in REE (up to 5.2 wt.% REE2O3 in Khibina) and the REE are major components in diverse major and minor minerals such as burbankite, carbocernaite, Ca- and Ba-fluocarbonates, ancylite and others. The rare earth minerals form two distinct mineral assemblages: primary (crystallized from a melt or carbohydrothermal fluid) and secondary (formed during metasomatic replacement). Stable (C–O) and radiogenic (Sr–Nd) isotopes data indicate that the REE minerals and their host calcite and/or dolomite have crystallized from a melt derived from the same mantle source and are co-genetic."
444,"Increasing rare earth element (REE) supplies by recycling and expanded ore processing will result in generation of new wastewaters. In some cases, disposal to a sewage treatment plant may be favored, but plant performance must be maintained. To assess the potential effects of such wastewaters on biological treatment, model nitrifying organisms Nitrosomonas europaea and Nitrobacter winogradskyi were exposed to simulated wastewaters containing varying levels of yttrium or europium (10, 50, and 100 ppm), and the extractant tributyl phosphate (TBP, at 0.1 g/L). Y and Eu additions at 50 and 100 ppm inhibited N. europaea, even when virtually all of the REE was insoluble. Provision of TBP with Eu increased N. europaea inhibition, although TBP alone did not substantially alter activity. For N. winogradskyi cultures, Eu or Y additions at all tested levels induced significant inhibition, and nitrification shut down completely with TBP addition. REE solubility was calculated using the previously developed MSE (Mixed-Solvent Electrolyte) thermodynamic model. The model calculations reveal a strong pH dependence of solubility, typically controlled by the precipitation of REE hydroxides but also likely affected by the formation of unknown phosphate phases, which determined aqueous concentrations experienced by the microorganisms."
456,"The study area of Gabal El Sela at Halaib environ is located at about 20 km west of Abu Ramad City, Egypt. An uraniferous ore material associated with REE was subjected to sulphuric acid leaching for the extraction of uranium mainly and REEs as a by-product. 93.9% of U and 60% of REEs content were leached using −0.5 mm ground ore with 100 g/l sulfuric acid, acid/ore ratio of 2.0 and agitate for 6 h at 40 °C. After uranium extraction, effluent solutions containing 135 ppm rare earths were treated with 30% ammonium hydroxide to pH of 9.3 to enhance the rare earth elements concentration. The precipitated cake was filtered then dried at 110 °C. The dried cake containing 16.2% rare earth elements was dissolved by hydrochloric acid at pH 1.0. The rare earths precipitated cakes of 36.9, 45.7 and 48.7% REEs were recovered successfully from the chloride leach liquor of 900 ppm rare earths by using 5% v/v from 50% HF, 6% wt/v oxalic acid and 4.8% wt/v oxalic acid to chloride solution with heating for one hour which respectively. 73.5% REEs precipitated cake was achieved by double precipitation, firstly by hydrofluoric acid followed by oxalic acid precipitation."
473,"Post-collisional (25-8 Ma) ultrapotassic mafic magmatic rocks occur to the north of the India-Asia collision zone within the Lhasa terrane of the southern Tibetan Plateau, forming a near 1000 km long semi-continuous igneous belt. They include both extrusive and intrusive facies, although lava flows dominate. To understand their petrogenesis, the mineral chemistry of olivine phenocrysts and xenocrysts and whole-rock major and trace element and Sr-Nd-Pb isotope data are presented for the most primitive mafic magmatic rocks (MgO > 6 wt %) from west to east. The studied samples are characterized by high MgO (628-1575 wt %), K 2 O (476-889 wt %), SiO 2 (4644-5974 wt %), Ba (1368-14076 ppm), Th (69-336 ppm) and Ni (106-527 ppm) contents. Chondrite-normalized rare earth element (REE) patterns show enrichment in light rare earth elements (LREE), flat heavy REE (HREE) patterns and negative Eu anomalies. These REE patterns have a very distinctive inverted 'spoon shape', which appears to be a common characteristic of collision-related ultrapotassic magmas. Primitive mantle-normalized incompatible trace element patterns exhibit strong enrichments in large ion lithophile elements (LILE) relative to high field strength elements (HFSE) and strong negative Ta-Nb-Ti anomalies, which are typical of subduction-related magmas. The ultrapotassic magmatic rocks studied have extremely radiogenic initial Sr isotopic compositions (0712379-0737616) and low ( 143 Nd/ 144 Nd) i (0511662-0511984). Combined with their Pb isotope compositions [( 206 Pb/ 204 Pb) i 1830-1892; ( 207 Pb/ 204 Pb) i 1565-1587; ( 208 Pb/ 204 Pb) i 3902-3976] these data are consistent with the involvement of a subducted continental crustal component in their petrogenesis. The Sr-Nd-Pb isotope compositions exhibit linear trends between depleted mid-ocean ridge basalt (MORB)-source mantle (DMM) and Indian continental crust. The extreme enrichment of the upper mantle below south Tibet is considered to result from the addition of components derived from subducted Indian continental crust to the overlying mantle wedge during northward underthrusting of Indian continental lithosphere beneath the Lhasa terrane since India-Asia collision at $55 Ma. The post-collisional K-rich mafic magmas in south Tibet were generated by partial melting of pyroxenite in a mantle source region that was created by reaction of hydrous fluids and siliceous melts from subducted granulite-eclogite-facies Indian continental crustal rocks with the surrounding peridotitic mantle. A continuous process from slab roll-back, through"
484,"Recovery of rare earth elements (REEs) from coal samples collected from the Fire Clay coal seam using diluted mineral acid solutions was investigated. The initial processing step was coal recovery using conventional froth flotation which concentrated the REEs in tailing material resulting in an upgrade to values around 700 ppm on a dry whole mass basis. Leaching experiments were performed on the flotation tailings material using a 1.2 M sulfuric acid solution adjusted to a temperature of 75 °C to study the extractability of REEs from coal material. The effect of particle size, leaching time, leaching temperature, and solid concentration on REE leaching recovery were evaluated. The kinetic data obtained from leaching over a range of temperatures suggested that the leaching process follows the shrinking core model with possibly a mixed control mechanism that may be a result of several heterogenous materials leaching simultaneously. Leaching recovery increased rapidly at the beginning of the reaction then slowed as the system reached equilibrium. The apparent activation energy determined from test data obtained over a range of temperatures using 1 M sulfuric acid was 36 kJ/mol for the first 20 min of reaction time and 27 kJ/mol for the leaching period between 20 and 120 min. The leaching of light REEs during the initial stage was determined to be driven by a chemical reaction, followed by the formation of a product layer, which required lower activation energy in the later stage of leaching. In regards to the heavy REEs, the major mechanism for leaching is desorption and the product layer formation does not affect the heavy REEs significantly."
490,"The characterization and leaching mechanism of REEs from phosphogypsum (PG) in HCl was studied in-depth. REEs contained in the PG were 208 ppm, of which Y, La, Ce, and Nd were the four most abundant elements. The modes of occurrence of rare earth elements (REEs) in the PG were quantified using the sequential chemical extraction (SCE) method. Among the five REE occurrence species, the metal oxide form accounted for the largest proportion, followed by the residual, organic matter, and ion-exchangeable fractions, and REEs bound to carbonates were the least. From the comparison of the distributions of REEs and calcium in different occurrence states, it can be determined that REEs contained in the PG were mainly present in the residue state (existed in the gypsum lattice) and the metal oxide state (easily leached). The leaching results show that the suitable leaching conditions were acid concentration of 1.65 mol/L, S/L ratio of 1/10, and reaction temperature of 60 °C. At the condition, the maximum leaching efficiency for ∑REE was 65.6%, of which the yttrium leaching rate was the highest and reached 73.8%. Importantly, A new kinetic equation based on the cylindrical shrinking core model (SCM) was deduced and could well describe REE leaching process from PG. The apparent activation energy for ∑REE leaching was determined to be 20.65 kJ·mol−1."
546,"REE metals are a vital yet scarce resource which play a particularly significant role in developed countries and their technologically advanced economies. Disturbances in the international mineral commodities market for REE’s caused by the Chinese supply monopoly force industrialized countries to launch intensive programs to discover new sources of these elements (even considering post-processing tailings). This paper discusses the mineral composition of tailings obtained in cassiterite extraction on Bangka Island. The analyzed tailing samples contain up to 21.23%wmonazite, up to 17.55%w xenotime (Sungkap, Bangka), as well as zircon, ilmenite, anatase, rutile, pseurorutile, and cassiterite. Aside fromREE’s, niobiumand tantalumwere identified in slag formed during tin smelting. The authors estimate that annually a minimum of 10,000 tons of minerals containing REE’s (both LREE’s-monazite and HREE’s-xenotime) can be further processed."
562,"The major, trace and REE geochemistry of glauconites (as members of the trioctahedral micas) from the early Cretaceous Kurnub Group of Jordan are discussed. The investigated glauconites, with 7.1 to 9.2% K2O, are ranked as evolved to highly evolved as defined by Odin and Matter (1981). Al2O3 contents show a significant inverse relationship with K2O and Fe2O3. The trace element contents show a broad range of variation in contrast to the major elements and a consistent relationship with major elements is lacking. The studied glauconites show a very wide range in the total amount of REE (ΣREE = 4.5 to 564.5 ppm). Two distinct groups have been differentiated accordingly: I. REE-poor group with ΣREE < 15 ppm and with a weak to moderate LREE/HREE fractionation (1.2 to 8.2); II. REE- rich group with ΣREE up to 565 ppm and with moderately to highly fractionated chondrite-normalized patterns (LREE/HREE ratios 3.5 to 64). The group I glauconites are set in an arenaceous (detrital quartz) dolomitic matrix while group II glauconites are embedded in a mudstone or marlstone or has an argillaceous matrix. The REE abundances are therefore lithologically rather than regionally controlled. When normalized to NASC the investigated glauconites display the distinctive hat-shaped pattern reported for other authigenic minerals of marine origin. The calculated Cc anomaly indicates the formation of glauconites at the boundary between oxic and anoxic environment near the sediment water interface."
582,"The Weishan carbonatite-related rare earth element (REE) deposit in China contains both high- and low-grade REE mineralization and is an informative case study for the investigation of magmatic–hydrothermal REE enrichment processes in such deposits. The main REE-bearing mineral is bastnäsite, with lesser parisite and monazite. REE mineralization occurred at a late stage of hydrothermal evolution and was followed by a sulfide stage. Barite, calcite, and strontianite appear homogeneous in back-scattered electron images and have high REE contents of 103–217, 146–13,120, and 194–16,412 ppm in their mineral lattices, respectively. Two enrichment processes were necessary for the formation of the Weishan deposit: Production of mineralized carbonatite and subsequent enrichment by magmatic–hydrothermal processes. The geological setting and petrographic characteristics of the Weishan deposit indicate that two main factors facilitated REE enrichment: (1) fractures that facilitated circulation of ore-forming fluids and provided space for REE precipitation and (2) high ore fluorite and barite contents resulting in high F− and SO42− concentrations in the ore-forming fluids that promoted REE transport and deposition."
637,"Abstract The Baba Ali skarn deposit, situated 39 km to the northwest of Hamadan (Iran), is the result of a syenitic pluton that intruded and metamorphosed the diorite host rock. Rare earth element (REE) values in the quartz syenite and diorite range between 35.4 and 560 ppm. Although the distribution pattern of REEs is more and less flat and smooth, light REEs (LREEs) in general show higher concentrations than heavy REEs (HREEs) in different lithounits. The skarn zone reveals the highest REE-enriched pattern, while the ore zone shows the maximum depletion pattern. A comparison of the concentration variations of LREEs (La–Nd), middle REEs (MREEs; Sm–Ho) and HREEs (Er–Lu) of the ore zone samples to the other zones elucidates two important points for the distribution of REEs: 1) the distribution patterns of LREEs and MREEs show a distinct depletion in the ore zone while representing a great enrichment in the skarn facies neighbouring the ore body border and decreasing towards the altered diorite host rock; 2) HREEs show the same pattern, but in the exoskarn do not reveal any distinct increase as observed for LREEs and MREEs. The ratio of La/Y in the Baba Ali skarn ranges from 0.37 to 2.89. The ore zone has the highest La/Y ratio. In this regard the skarn zones exhibit two distinctive portions: 1) one that has La/Y &gt;1 beingadjacent to the ore body and; 2) another one with La/Y &lt; 1 neighbouring altered diorite. Accordingly, the Baba Ali profile, from the quartz syenite to the middle part of the exoskarn, demonstrates chiefly alkaline conditions of formation, with a gradual change to acidic towards the altered diorite host rocks. Utilising three parameters, Ce/Ce*, Eu/Eu* and (Pr/Yb) n , in different minerals implies that the hydrothermal fluids responsible for epidote and garnet were mostly of magmatic origin and for magnetite, actinolite and phlogopite these were of magmatic origin with low REE concentration or meteoric water involved."
645,"Streszczenie Pierwiastki ziem rzadkich nazywane powszechnie REE (Rare Earth Elements) to grupa 15 lantanowców od lantanu do lutenu, a także skand i itr, które charakteryzują się podobnymi właściwościami chemicznymi. Stanowią surowce uznane przez Unię Europejską za jedne z listy 14 surowców krytycznych, o znaczeniu strategicznym dla rozwoju nowoczesnych wysoko zawansowanych technologii. Światowe wydobycie REE kształtuje się aktualnie na poziomie 139 tys. Mg, a głównym producentem są Chiny, które dostarczają około 93% światowego zapo­trzebowania na surowce ziem rzadkich W związku z sytuacją na światowym rynku metali ziem rzadkich (REE), w ostatnich latach rozpoczęto wiele projektów w celu poszukiwania nowych źródeł REE. W artykule omówiono znaczenie ziem rzadkich w gospodarce światowej. Głównym celem pracy było określenie potencjału i form występowania pierwiastków ziem rzadkich w węglach kamiennych i odpadach z energetycznego wykorzystania węgla, jako alternatywnego źródła ich pozyskania. Na podstawie analizy literatury oraz przeprowadzonych badań własnych wytypowanych próbek polskich węgli kamiennych i popiołów z elektrowni, przedstawiono zawartości pierwiastków ziem rzadkich REE w wybranych węglach i popiołach lotnych z elektrowni na świecie i w Polsce. Średnia zawartość £ REE w węglach na świecie wynosi 60 ppm natomiast w badanych węglach polskich z KWK Jankowice £ REE wynosiła 77 ppm, dla pozostałych węgli uzyskano niższe zawartości od 8 do 40 ppm. Ponadto praca przedstawia perspektywiczne światowe zasoby tych pierwiastków, które mogą stać się ich cennym, alternatywnym źródłem w ciągu najbliższych lat."
648,"Abstract Carbonatite intrusions host the world’s most important light rare earth element (LREE) deposits, and their formation generally requires extraordinary fertile sources, magmatic evolution, and hydrothermal events. However, carbonatitic magma evolution, particularly the role of fractional crystallization and contamination from silicate rocks in REE enrichment, remains enigmatic. The Maoniuping world-class REE deposit in southwestern China, is an ideal target to decipher magmatic evolution and related REE enrichment as it shows continuous textual evolution from medium- to coarse-grained calcite carbonatite (carbonatite I) at depth, to progressively pegmatoidal calcite carbonatite (carbonatite II) at shallow levels. In both types of calcite carbonatites, four generations of calcite can be classified according to petrographic and geochemical characteristics. Early-crystalizing calcite (Cal-I and Cal-II) are found in carbonatite I and exhibit equigranular and a polygonal mosaic textures, while late calcites (Cal-III and Cal-IV) in carbonatite II are large-size oikocrysts (&amp;gt;0.5 mm in length) with strain-induced undulatory extinction and bent twinning lamellae. All these generations of calcite yield similar, near-chondritic, Y/Ho ratios (26.6–28.1) and are inferred to be of magmatic origin. Remarkably, gradual enrichment of MgO, FeO and MnO from Cal-I to Cal-IV is coupled with a significant increase in REE contents (~800 to 2000 ppm), with LREE-rich and gentle-to-steep chondrite-normalized REE patterns ((La/Yb)N = 3.1–26.8 and (La/Sm)N = 0.9–3.9, respectively). Such significant REE enrichment is ascribed to protracted magma fractional crystallization with initial low degree of fractional crystallization (fraction of melt remining (F) = ~0.95) evolving to late stage (F = 0.5–0.6) by formation of abundant calcite cumulates. Differential LREE and HREE behavior during magma evolution largely depend on separation of phlogopite, amphibole, and clinopyroxene from the carbonatitic melt, which is indicated by progressively elevated (La/Yb)N ratios ranging from 3.1 to 26.8. The four generations of calcite have significantly different C and Sr isotopic compositions with δ13CV-PDB decreasing from −3.28 to −9.97‰ and 87Sr/86Sr increasing from 0.70613 to 0.70670. According to spatial relations and petrographic observations, the relative enrichment of δ13C and depletion in 87Sr/86Sr ratios of Cal-I and Cal-II show primary isotopic characteristics inherited from initial carbonatitic magma. By contrast, the variable Sr and C isotopic compositions of Cal-III and Cal-IV are interpreted as the results of contamination by components derived from silicate wall rocks and loss of CO2 by decarbonation reactions. To model such contamination processes, Raleigh volatilization and Monte Carlo simulation have been invoked and the model results reveal that carbonatitic melt-wall rock interaction requires 40% radiogenic Sr contamination from silicate rocks and 35% CO2 degassing from carbonatitic melt. Moreover, positive correlations between decreasing δ13C values and increasing REE contents, together with bastnäsite-(Ce) precipitation, indicate further REE accumulation during the contamination processes. In summary, alongside REE-rich magma sources, the extent of fractional crystallization and contamination during carbonatitic magma evolution are inferred to be important mechanisms in terms of REE enrichment and mineralization in carbonatite-related REE deposits worldwide."
695,"Abstract Ion adsorption rare earth element (REE) deposits in southern China are the exclusive source of heavy REEs (HREEs) in the world, and this HREE‐enriched character of the deposits is inherited from the REE compositions of the underlying granitic rocks. Such HREE‐enriched rocks form from heavy fractionation of reduced granitic magmas. We explore why reduced granitic magmas are enriched in HREEs during the fractionation, based on the REE geochemistry of granitic rocks and abundance of REEs in their constituent minerals in the southwestern Japan arc of Cretaceous to Paleogene age. The compilation of the whole rock geochemistry and REE compositions of the granitic rocks of the Sanin (oxidized), Sanyo (reduced) and Ryoke (reduced) belts in the southwestern Japan arc indicates that: (i) light REEs (LREEs) decease with fractionation of the granitoids in the Sanin belt but this trend is not clear in the granitoids in the Sanyo belt and LREEs rather increase in the Ryoke granitoids; (ii) Eu decreases with fractionation in all the belts; and (iii) HREEs slightly, but steadily decrease in the Sanin belt but enrich significantly in the Sanyo and Ryoke belts with fractionation. Analytical results of REE concentrations by scanning electron microscope with energy dispersive X‐ray spectroscope and laser ablation‐inductively coupled plasma mass spectrometer in the constituent minerals in a granodiorite sample from the Sanin belt show a moderate concentration of REEs in hornblende (577 ppm) in addition to high concentrations in allanite (~20 %), britholite (~30 %), primary titanite (8922 ppm), apatite (4062 ppm), and zircon (1693 ppm). Because primary titanite and allanite are commonly present in the oxidized granitoids but not in the reduced ones, the REE depletion in the fractionated, oxidized granites is attributed to the crystallization of these minerals. In contrast, scarcity of these minerals in the reduced granitoids enriches REEs, in particular HREEs in the fractionated magmas, which finally precipitate REEs in the granites and pegmatites. Both positive, but different correlation ratios between the Nb and Dy concentrations in the granitoids of the Sanin and Sanyo‐Ryoke belts suggest that columbite–pyrochlore‐group and fergusonite‐group minerals are the major HREE host in the oxidized and reduced granites, respectively."
696,"Coal fly ash (CFA), hazardous to the environment and human health, has been considered to be a potential alternative source for rare earth elements (REEs) in recent years. However, information on how REEs distribute and occur in coal fly ash is still incomplete. In this work, particle size analysis, inductively coupled plasma–mass spectrometry, scanning electron microscopy, and electron probe microanalysis were applied to study the occurrence and distribution of REEs in a fly ash sample from the Qianxi coal-fired power plant in Guizhou province. The results show that the REEs content in the CFA was 630.51 ppm. Wet grinding-enhanced leaching experiments revealed that a part of the rare earth particles was encapsulated within the glass body. These rare earth particles could be liberated and released to a certain extent by wet grinding, which would increase the acid-leaching recovery of REEs from 23.49% to 41.68%. This study classifies the speciation of REEs in coal fly ash as (1) amorphous glassy particles with REE minerals or compounds encapsulated inside; (2) amorphous glassy particles with REEs distributed throughout; and (3) discrete REE minerals or compounds. The results of this study are a basis for developing an economically viable and environmentally sustainable technology for recovering REEs from CFA."
707,"This study focuses on concentrations and fractionation of rare earth elements (REE) in a variety of minerals and bulk materials of hydrothermal greisen and vein mineralization in Paleoproterozoic monzodiorite to granodiorite related to the intrusion of Mesoproterozoic alkali- and fluorine-rich granite. The greisen consists of coarse-grained quartz, muscovite, and fluorite, whereas the veins mainly contain quartz, calcite, epidote, chlorite, and fluorite in order of abundance. A temporal and thus genetic link between the granite and the greisen/veins is established via high spatial resolution in situ Rb-Sr dating, supported by several other isotopic signatures ( δ 34 S, 87 Sr/ 86 Sr, δ 18 O, and δ 13 C). Fluid-inclusion microthermometry reveals that multiple pulses of moderately to highly saline aqueous to carbonic solutions caused greisenization and vein formation at temperatures above 200–250°C and up to 430°C at the early hydrothermal stage in the veins. Low calculated ∑REE concentration for bulk vein (15 ppm) compared to greisen (75 ppm), country rocks (173–224 ppm), and the intruding granite (320 ppm) points to overall low REE levels in the hydrothermal fluids emanating from the granite. This is explained by efficient REE retention in the granite via incorporation in accessory phosphates, zircon, and fluorite and unfavorable conditions for REE partitioning in fluids at the magmatic and early hydrothermal stages. A noteworthy feature is substantial heavy REE (HREE) enrichment of calcite in the vein system, in contrast to the relatively flat patterns of greisen calcite. The REE fractionation of the vein calcite is explained mainly by fractional crystallization, where the initially precipitated epidote in the veins preferentially incorporates most of the light REE (LREE) pool, leaving a residual fluid enriched in the HREE from which calcite precipitated. Fluorite occurs throughout the system and displays decreasing REE concentrations from granite towards greisen and veins and different fractionation patterns among all these three materials. Taken together, these features confirm efficient REE retention in the early stages of the system and minor control of the REE uptake by mineral-specific partitioning. REE-fractionation patterns and fluid-inclusion data suggest that chloride complexation dominated REE transport during greisenization, whereas carbonate complexation contributed to the HREE enrichment in vein calcite."
708,"The Rare Earth Elements (REE) deposits and mineralization of Turkey can be divided into four types based on their geological setting and origin.First are deposits associated with carbonatitealkaline magmatic rocks, rich in Light Rare Earth Elements (LREE).The best known examples are the Kızılcaören (Eskişehir) and Kuluncak (Malatya) deposits with TREE grades of 2.9% and 0.7% respectively, and typical enrichment of La-Ce.Lower grade REE mineralization at Keban (0.05% TREE) and Divriği (0.13% TREE) is associated with abundant fl uorite and all four occurrences show similar ranges for homogenization temperatures and salinities for fl uid inclusions in fl uorite and REE profi les.The second type are Triassic shales and the bauxites formed from them in the Bolkardağı region.Enrichment of Heavy REE (HREE) is typical and TREE grades are about 0.15% in bauxites and its protolith.These occurrences are geochemically similar to ""ion adsorption type"" deposits associated with lateritic clay on the weathered granitic rocks of China.Third is the placer type, represented by the Çanaklı (Burdur) deposit which is enriched in U, Th and HREE and heavy minerals such as; magnetite, zircon and rutile and has an average grade of about 0.08% TREE.The fourth potential source of REE is phosphorites.These rocks host the world's largest resources elsewhere, however the Cretaceous Mazidag deposits in Turkey are very low grade (40ppm TREE) and clearly uneconomic.Consideration of the environmental and health issues associated with exploitation and processing of REE has identifi ed the more favorable outcomes associated with exploitation of the ion adsorption type of deposits and justifi cation for further evaluation of the resources and processing technologies that would enable exploitation of REE-enriched bauxites in"
753,"The Kalyus Beds of the late Ediacaran Nagoryany Formation occurring in the northeastern part of the Republic of Moldova are dominated by black argillites with phosphorites and calcareous concretions. Four lithological groups were examined with respect to their rare earth element (REE), major and trace element geochemistry: phosphorites, enriched argillites, pure argillites and carbonates. Phosphorites and enriched argillites exhibit a pronounced middle-REE bulge suggesting a strong diagenetic uptake of REEs. Y/Ho ratios are mostly <35, values that are consistent with derivation of >90% of REEs from lithogenous sources. Pure argillites show a flat REE distribution similar to that of average upper continental crust (UCC), indicating that REEs are likely related to detrital siliciclastics derived from felsic to mafic source rocks of the adjacent regions of Baltica, which was isolated within paleo-oceans during the late Ediacaran. Carbonates show a light-REE depleted pattern with relatively high Y/Ho ratios (up to 53) that suggests the preservation of a predominantly hydrogenous (seawater-derived) REE signal. Ce/Ce* ratios of ∼0.80–1.02 reflect suboxic to anoxic seawater conditions. This is a locally and temporally constrained anoxic event, since widespread oxic conditions were specific for the continental margins of Baltica. The phosphorites and enriched argillites groups of the Kalyus Beds show high middle-REE enrichment comparable to those of other known world phosphorite deposits. Their total REE contents are high (793–1735 ppm) and are of potential economic interest. These results provide insights for expanding global REE exploration targets and may have implications for a better understanding of the depositional environments during the late Ediacaran."
780,"Rare earth elements (REEs) are essential raw materials in a variety of industries including clean energy technologies such as electric vehicles and wind turbines. This places an ever-increasing demand on global rare earth element production. Coal fly ash (CFA) possesses appreciable levels of REEs. CFA, a waste by-product of coal combustion, is therefore a readily available source of REEs that does not require mining. CFA valorisation to zeolites has been achieved via various synthesis pathways. This study aimed to evaluate one such pathway by monitoring how REEs partition during CFA processing by the wet, magnetic separation process and zeolitisation. South African CFA was subjected to wet, magnetic separation and subsequent zeolitisation of the nonmagnetic fraction (NMF); solid products were characterised by XRD, SEM, XRF and LA-ICP-MS. The wet, magnetic separation process resulted in the partitioning of a specific set of transition metals (such as Fe, Mn, Cr, V, Ni, Zn, Cu, Co and Mo) into the magnetic fraction (MF) of CFA, while REEs partitioned into the NMF with a total REE content of 530.2 ppm; thus, the matrix elements of CFA were extracted with ease. Zeolitisation resulted in a solid zeolite product (hydroxysodalite) with a total REE content of 537.6 ppm. The process of zeolitisation also resulted in the selective enrichment of Ce (259.1 ppm) into the solid zeolite product (hydroxysodalite), while other REEs were largely partitioned into the liquid phase. CFA valorisation by wet, magnetic separation and zeolitisation therefore allowed for the partitioning of REEs into various extraction products while recovering the matrix elements of CFA such as Fe, Si and Al. The findings of this study highlight the geopolitical importance of REEs in terms of the development of alternative processes for REE recovery from waste and alternative sources, which may potentially give countries that employ and develop the technology a key advantage in the production of REEs for the global market."
806,"The REE distribution patterns and total concentrations of the organic matter of the Woodford shale reveal a potential avenue to investigate hydrocarbon maturation processes in a source rock.Ten samples of the organic matter fraction and 10 samples of the silicate-carbonate fraction of the Woodford shale from north central Oklahoma were analyzed by methods developed at KSU. Thirteen oil samples from Woodford Devonian oil and Mississippian oil samples were analyzed for REE also.REE concentration levels in an average shale range from 170 ppm to 185 ppm, and concentration levels in modern day plants occur in the ppb levels.The REE concentrations in the organic matter of the Woodford Shale samples analyzed ranged from 300 to 800 ppm.The high concentrations of the REEs in the Woodford Shale, as compared to the modern-day plants, are reflections of the transformations of buried Woodford Shale organic materials in postdepositional environmental conditions with potential contributions of exchanges of REE coming from associated sediments.The distribution patterns of REEs in the organic materials normalized to PAAS (post-Archean Australian Shale) had the following significant features: (1) all but two out of the ten samples had a La-Lu trend with HREE enrichment in general, (2) all but two samples showed Ho and Tm positive enrichments, (3) only one sample had positive Eu anomalies, (4) three samples had Ce negative anomalies, although one was with a positive Ce anomaly, (5) all but three out of ten had MREE enrichment by varied degrees.It is hypothesized that Ho and Tm positive anomalies in the organic materials of the Woodford Shale are reflections of enzymic influence related to the plant physiology.Similar arguments may be made for the Eu and the Ce anomalies in the Woodford Shale organic materials.The varied MREE enrichments are likely to have been related to some phosphate mineralization events, as the Woodford Shale is well known for having abundant presence of phosphate nodules.The trend of HREE enrichment in general for the Woodford Shale organic materials can be related to inheritance from sources with REE-complexes stabilized by interaction between the metals and carbonate ligands or carboxylate ligands or both.Therefore, a reasonable suggestion about the history of the REEs in the organic materials would be that both source and burial transformation effects of the deposited organic materials in association with the inorganic constituents had an influence on the general trend and the specific trends in the distribution patterns of the REEs.This study provides a valuable insight into the understandings of the REE landscapes in the organic fraction of the Woodford Shale in northern Oklahoma, linking these understandings to the REE analysis of an oil generated from the same source bed and comparing it to oil produced from younger Mississippian oil.The information gathered from this study may ultimately prove useful to trace the chemical history of oils generated from the Woodford Shale source beds.processes.Oils generated from a Mississippian formation and from the Woodford shale are analyzed in this study giving us insight of REE behavior in oils from different formations by doing oil-oil correlation."
850,"Abundances, modes of occurrence, enrichment, and origin of critical elements in coal and coal-bearing sequences have attracted much attention in recent years. Previous investigations have attributed REE-Y-Nb-Ta-Zr-Hf mineralization in coals and in intra- and inter-seam tuffs in coal-bearing sequences to alkali volcanic ash eruptions and subsequent hydrothermal alteration. In this study, two major minable coal seams (D101 and W407) that are located in the lowermost and uppermost Wuchiapingian Longtan Formation in the Liupanshui Coalfield, Guizhou, southwestern China, were investigated in order to better understand the mechanism of REE-Y-Nb-Ta-Zr-Hf enrichment in these coals. Elevated concentrations of REE-Y-Nb-Ta-Zr-Hf in the D101 coal are dominantly due to the alkaline volcanic material forming the top of the Emeishan Large Igneous Province (ELIP), which served as a terrigenous source region for the coal basin and to airborne volcanic ash, which occurs as an intra-seam tonstein within the coal seam. Both of the two source materials were subsequently subjected to groundwater leaching, resulting in redistribution of the rare earth elements and Y (REY), leading to an uneven distribution of REY and Zr along the studied coal-seam sections. The average REY oxides in the D101 and W407 coals are 2682 and 1260 ppm (both on ash basis), respectively, and the outlook coefficients are 0.79 and 1.15 respectively, indicating that both ashes from the two coals are potential raw sources for REY."
853,"The Permian Kanigorgeh bauxite horizon is one of the typical titanium-rich bauxite deposits in the northeast of Bukan, West Azerbaijan Province, NW Iran. It is a part of the Irano-Himalayan karst bauxite belt and was developed as discontinuous stratified layers and lenses in Upper Permian carbonates. Mineralogically, diaspore and kaolinite are 2 major mineral phases accompanied by boehmite, smectite, illite, rutile, anatase, hematite, goethite, chlorite, quartz, and plagioclase as minor phases. Geochemical considerations for a selected profile indicate that the concentration values of rare earth elements (REEs) in the bauxite ores range from 8.9 to 200.4 ppm. Eu and Ce anomalies show varying values within the range 0.42-0.65 and 0.12-3.23, respectively. On the basis of Ce behavior, the studied profile can be divided into 2 parts by redox boundary. The most pronounced geochemical characteristics of the studied profile are the occurrences of positive Ce anomalies in the ores of low REE content in the upper part of the profile and negative Ce anomalies in the ores of high REE content in the lower part of the profile. The occurrence of positive and negative Ce anomalies are due to the change of oxidation state of Ce (from Ce^{3+} to Ce^{4+}) in the upper part and the complexing of Ce^{4+} with carbonate ligands in the lower part of the profile. The concordance of the analytical values of Na and Ca with those of Eu revealed that the degree of plagioclase alteration is the most important controlling factor for Eu anomalies in the ores. The obtained results revealed that the variations in the chemistry of weathering solutions (e.g., pH), function of carbonate bedrocks as a geochemical barrier, and discrepancy in degree of stability of lanthanide-bearing primary minerals are the major factors influencing the mobilization, distribution, and fractionation of REEs. The correlation coefficients among elements suggest that Mn-oxides are the principal hosts for REEs in the ores at Kanigorgeh."
861,"ABSTRACT Nanoscale characterization (TEM on FIB-SEM-prepared foils) was undertaken on feldspars undergoing transformation from early post-magmatic (deuteric) to hydrothermal stages in granites hosting the Olympic Dam Cu-U-Au-Ag deposit, and from the Cu-Au skarn at Hillside within the same iron-oxide copper-gold (IOCG) province, South Australia. These include complex perthitic textures, anomalously Ba-, Fe-, or REE -rich compositions, and REE -flourocarbonate + molybdenite assemblages which pseudomorph pre-existing feldspars. Epitaxial orientations between cryptoperthite (magmatic), patch perthite (dueteric) and replacive albite (hydrothermal) within vein perthite support interface-mediated reactions between pre-existing alkali-feldspars and pervading fluid, irrespective of micro-scale crystal morphology. Such observations are consistent with a coupled dissolution-reprecipitation reaction mechanism, which assists in grain-scale element remobilization via the generation of transient interconnected microporosity. Micro-scale aggregates of hydrothermal hyalophane (Ba-rich K-feldspar), crystallizing within previously albitized areas of andesine, reveal a complex assemblage of calc-silicate, As-bearing fluorapatite and Fe oxides along reaction boundaries in the enclosing albite-sericite assemblage typical of deuteric alteration. Such inclusions are good REE repositories and their presence supports REE remobilization at the grain-scale during early hydrothermal alteration. Iron-metasomatism is recognized by nanoscale maghemite inclusions within ‘red-stained’ orthoclase, as well as by hematite in REE -fluorocarbonates, which reflect broader-scale zonation patterns typical for IOCG systems. Potassium-feldspar from the contact between alkali-granite and skarn at Hillside is characterized by 100–1000 ppm REE , attributable to pervasive nanoscale inclusions of calc-silicates, concentrated along microfractures, or pore-attached. Feldspar replacement by REE -fluorcarbonates at Olympic Dam and nanoscale calc-silicate inclusions in feldspar at Hillside are both strong evidence for the role of feldspars in concentrating REE during intense metasomatism. Differences in mineralogical expression are due to the availability of associated elements. Lattice-scale intergrowths of assemblages indicative of Fe-metasomatism, REE -enrichment and sulfide deposition at Olympic Dam are evidence for a spatial and temporal relationship between these processes."
876,"Clay-hosted rare earth element (REE) deposits, generally considered products of extended subtropical weathering of REE-rich igneous protoliths, are a critical source of REEs globally. The Koppamurra deposit of southeast South Australia, in contrast, is developed in Pleistocene lacustrine clays overlying a REE-poor marine limestone. Here we examine the REE+Y (REY) sources and enrichment mechanisms of this unusual setting. We find that the greatest REY enrichment (up to 5000 ppm) occurs in lacustrine clays at the base of a ∼ 1-2 m thick contact zone with the underlying limestone. This zone features an increased proportion of leachable REYs (>50%), increased smectite abundance and a sharp increase in pH from ∼5.0 to ∼8.3. Co-variation of HREEs with a suite of clay-specific elements demonstrates that HREEs are hosted mainly by Fe-rich smectite, with separate sorbed vs structurally bound HREE pools that are of similar magnitude. LREEs are mainly hosted in secondary LREE carbonates, these are preferentially intergrown with smectite but are only rarely present in kaolinite domains. Cerium occurs mainly as cerianite. The narrow range and overlapping εNd of samples within and above the REY enriched zone suggests that enrichment is related to internal redistribution within the clay unit. The clays are isotopically incompatible with local igneous or metasedimentary rocks, but 87Sr/86Sr and εNd isotopic fingerprinting shows that they were deposited by the Murray River, Australia’s largest river system. Murray sediments are enriched in REY due to the presence of material eroded from the Lachlan Orogen granites of southeast Australia. Deposition of these sediments occurred in a coastal lacustrine setting analogous to the modern-day Coorong, with tectonic uplift and shoreline progradation allowing the onset of subaerial weathering ∼ 1-2 Mya. We propose that vertical and lateral solute transport allowed for the concentration of REEs in local depressions in the karst-weathering surface which separates the limestone and overlying clay, facilitated by water table oscillation and pore water redox cycling driven by seasonally contrasted rainfall. Poor soil drainage, evaporative concentration of soil waters and alkaline pH adjacent to the limestone immobilized REEs in secondary carbonates and Fe-rich smectite. Our findings illustrate that REE mobilization and enrichment in clay deposits can occur more rapidly, over a larger area and in a broader range of host phases and geologic settings than is currently appreciated, with important implications not only for REE exploration but also for the use of REEs as tracers in the Earth Sciences."
914,"Karst-bauxite deposits form as a result of the accumulation of residual clay minerals in depressions on a karst limestone surface, and their subsequent lateritic weathering. Rare earth elements (REE) become concentrated in the bauxite deposits due to crystallisation of authigenic REE-bearing minerals, accumulation of residual phases and the adsorption of ions on clays and other mineral surfaces. REE are concentrated in the red mud waste generated by alumina production from bauxite through the Bayer process. Red muds thus contain on average 900 ppm REE compared with typical values of &lt;100 ppm to ~500 ppm REE in the bauxites. Extraction of REE from red mud has been shown to be feasible although it is challenging due to the heterogeneous spatial distribution of REE in the bauxites and the need for development of appropriate processing methods. With annual European extraction of bauxite estimated to be approximately 3.5 million tonnes per annum, resulting in approximately 1.4 million tonnes of red mud from the production of alumina, understanding the REE resource potential of bauxites is integral to the assessment of European REE resources."
921,"The basalts of Norfolk Island range from tholeiites through transitional basalts to alkali olivine basalts, and plot in a unique field on a Ti-Zr-Y diagram. REE abundances in seven representative samples are similar to those in tholeiites and alkali olivine basalts from Hawaii, i.e. light REE enrichment relative to chondrites, and a slightly higher La/Yb value for the alkali olivine basalts relative to the tholeiites. Three tholeiitic samples with anomalously high Y (84-105ppm) show unique REE patterns for basaltic rocks, with a relative enrichment of the middle REE. Apart from Y and REE these samples are chemically identical to the ‘normal’ Y-REE tholeiites from Norfolk Island, and it is suggested that the unique Y and REE contents are due to variable Y and REE concentrations in an accessory mantle phase such as apatite and/or the Y acceptor RE phosphate minerals such as xenotime or samarskite inhomogeneously distributed in the source region for the basalts."
923,"China and Russia currently monopolise the global supply of scandium. Pete Siegfried, Frances Wall and Kathryn Moore examine the distributions of scandium globally and identify a number of promising targets that could help diversity supply. Siegfried, P., Wall, F. & Moore, K., In search of the forgotten rare earth. Geoscientist 28 (10), 10-15, 2018 https://doi.org/10.1144/geosci2018-021; Download the pdf here Scandium (Sc) has been called a ‘miracle metal’. When alloyed with aluminium, it produces super-strong but lightweight materials, just right for use in the next generation of aeroplane manufacture and other high-tech applications. By definition, Sc is a member of the 17-strong, rare earth element (REE) family. Like the other REEs, Sc isn’t actually rare in terms of distribution—it can be found throughout Earth’s crust and has a similar abundance to lead—but unlike lead, economic concentrations of Sc are very rare, making it one of the most expensive elements in the world. Indeed, concentrations of Sc are usually so low that Sc is often excluded from geological assessments of REE—it is the forgotten rare earth. But this may be about to change. Several research groups are turning their attention to Sc, using new data from exploration projects to identify a number of promising sources that could be mined. Here we discuss the behaviour of Sc and the distribution of these deposits worldwide. We argue that with improved understanding of how Sc associates with clinopyroxene and how it concentrates within weathering and waste products, such as laterites and red muds, these newly identified deposits could create a virtuous circle of raw materials supply and new high-tech uses. Why Scandium? The manufacturing industry requires a wider range of specialist raw materials than ever before, especially for digital and green technologies. In this context, Sc is used in solid oxide fuel cells, lasers, ceramics, neutron screens, lighting, high-specification sports equipment and amelioration of the glare from spotlights. Current interest in Sc is driven mainly by projected use in the aerospace industry. Al-Sc alloys are strong, light and weldable. They have been used for years by NASA and the Federal Space Agency, where price was no problem, so have been tried and tested. Only tiny amounts of Sc are needed for alloys, which then create lighter, more fuel-efficient aircraft and cars. These are not only cheaper to run, but emit less CO2, helping nations achieve long-term emission targets set by policy makers. If a ready supply were available, Sc could revolutionise the aerospace and automotive industries. Although potentially revolutionary in terms of its applications, global demand for Sc is currently small, at around 10-15 tonnes annually, according to the United States Geological Survey. Sc exists in such low concentrations that it is difficult and expensive to extract, hampering use in commercial applications. But, this is something of a chicken-and-egg scenario. There is no shortage of applications for Sc, so if reasonably cheap and assured supplies of Sc become available, more applications will be found and demand will increase. Sc is mainly produced as a limited by-product of conventional uranium and nickel extraction processes. The main producers of Sc are China, Russia, Ukraine, and the Philippines (Fig. 1), and production in Russia and China is thought to be accelerating. In particular, there are ongoing plans to considerably increase Sc production from waste dumps at the Bayan Obo mine in China, which will serve to strengthen China’s monopoly of the whole rare earth market. Fig. 1, Sc mines and deposits compared with REE mines and deposits (courtesy of the British Geological Survey) In contrast, there are currently no known, economically viable, large-scale Sc resources in the USA or western Europe, and many companies are dependent upon Sc single-sourced either from Russia or China. Such lack of diversity in supply could lead to economic issues if the current supplies are jeopardized—an increasingly likely scenario, given current political tensions surrounding Brexit, the US and Europe, and China, leading to a fear of future global trade wars. A trade dispute relating to the export of REEs occurred in 2010, for example. Low labour costs and lax environmental restrictions meant China could more easily and cheaply produce REE than other nations, and they became the world’s dominant supplier. In 2010, the Chinese government reduced its export quotas by 40%, arguing that this was needed to protect the environment. REE prices outside of China soared. China finally dropped the export quotas in 2015 following a ruling from the World Trade Organisation that the restrictions violated trade regulations. But the dispute was a wake-up call, a reminder of the need for secured supply of essential elements, particularly in Europe. And several projects are currently underway. One is the SCALE EU project (http://scale-project.eu/scandium), which aims specifically to develop a stable and secure European supply chain for Sc using bauxite and titania acid wastes that can serve European aerospace and high-tech industries. Sc properties Sc is a soft, silvery transition metal. It is officially defined as part of the REE family together with yttrium (Y) and the lanthanoids (also called lanthanides). However, the smaller size of the Sc3+ cation causes rather different geochemical behaviour to the rest of its family members, so many general rules about the geochemistry of REE do not apply to Sc (Fig. 2). Most reviews of REE geochemistry (e.g. Chakhmouradian and Wall, Elements 2012), mention this fact and then exclude Sc from further consideration. The United States Geological Survey treats Sc separately from the REEs. So, Sc has been rather forgotten in the REE literature. Fig. 2, Plot of REE atomic number vs. cation radius. Sc3+ is not part of the ‘lanthanoid contraction’ (REE3+ cations decrease in size as atomic number increases), it is much smaller than the other REEs and closer in size to transition metals, such as Ti, Fe and Zr (included here in arbitrary positions on the x axis). Cation radii from http://abulafia.mt.ic.ac.uk/shannon/radius.php? Sc rarely concentrates in any geological setting and the rocks with highest concentrations of Sc are of extra-terrestrial in origin! Lunar basalts and chondritic meteorites are enriched by a factor of three compared with terrestrial rocks. On Earth, the highest concentrations of Sc are chiefly associated with occurrences of high-field-strength elements, such as titanium, tantalum and zirconium, especially in granite pegmatites. Indeed, granite pegmatites provide a small amount of the Sc produced commercially each year. An ore deposit of Sc may well contain concentrations of just a few hundred parts per million (ppm) Sc in the rock. This is higher than a gold deposit, which may contain only one ppm gold, but much lower than copper or the other main REE, such as neodymium (Nd). Bayan Obo in China—the world’ largest REE mine—is a source of Sc (Williams-Jones and Vasyukova, Economic Geology 2018). This seems at odds with our assertion that Sc does not follow the other REE in natural environments until we learn that the Sc comes from pyroxene re-processed from the waste tips at Bayan Obo, rather than from the REE ore minerals themselves. Indeed, figure 1 shows that highly anomalous Sc chemistry also appears to be associated with some alkaline silicate rocks and with carbonatites, but REE deposits are not necessarily Sc deposits. Sc in minerals Of the 5,000-odd species in the mineral kingdom, only sixteen are Sc minerals, and these are all rare. The most common Sc mineral, thortveitite, occurs in granite pegmatites (Table 1). It contains the highest weight percent Sc at 32% and has been mined as a Sc ore in the past. Table 1, Examples of scandium minerals Sc also occurs as a minor component in hundreds of minerals, substituting for titanium, zirconium, iron or tantalum. Other important Sc-bearing minerals likely have names unfamiliar to most geologists and include scandium-columbite, davidite, tantalite, samarskite, ixiolite, rutile, Ti-aeschynite, zircon, catapleiite and baddeleyite. Additionally, Sc isn’t always incorporated into a mineral structure, and may instead be adsorbed onto the surfaces of iron oxide and hydroxide minerals. Sc in laterites Laterites are iron- and aluminium-rich rocks and soils formed by a prolonged process of chemical weathering. At least four Sc laterite deposits in eastern Australia are undergoing feasibility studies that may bring them into production as mines. The Sc was hosted originally in clinopyroxene and then released and adsorbed onto iron oxides during the strong weathering process that produced the laterite. The Nyngan laterite deposit in New South Wales, Australia, developed by weathering of basic rocks. It has grades up to 409 ppm Sc and has been touted as the world’s first stand-alone Sc deposit. The mineralogy of the weathering process has been studied in the Syerston–Flemington deposit of New South Wales. This Co+Ni+Sc deposit contains about 1,350 tonnes of Sc at an average concentration of 434 ppm. Mathieu Chassé recently found that deposit formation requires a high initial concentration of Sc in clinopyroxene. These are then weathered leading to Sc-rich waters circulating below the water table. Seasonal precipitation allows the adsorption of Sc3+ onto goethite, which accounts for about 80 % of the Sc budget (Fig. 3). The deposit contains up to 800 ppm Sc in its limonitic laterite compared to about 80 ppm in its parent rock. This exceptional concentration of Sc in lateritic deposits requires a combination of three circumstances: (1) anomalously high Sc concentration in the parent rock, (2) long time-scales of alteration in a stable tectonic environment and (3) lateritic conditions during weathering, allowing the trapping of Sc by Fe oxides. Fig. 3, Maps of the oxidation state of iron, interpreted as goethite and hematite (a) and distribution of Sc (b). Maps made by Mathieu Chassé et al. (2016) using synchrotron µ-XRF and used to propose that Sc is mainly hosted by goethite in the Syerston–Flemington Ni-Co laterite deposit. (Credit: Chassé et al, 2016, Geochemical Perspectives Letters 3, 105-114; under Creative Commons Attribution 4.0 License) Sc in red muds ‘Red muds’ are the waste products of aluminium processing after bauxite ores have been treated by the Bayer process. Vast tailings dams of this material occur in many parts of the world and there has been recent interest in recovering REE from this waste product. This is one of the few environments where REE, including Sc, are concentrated together. Grades of about 100 ppm Sc have been found in red muds in Greece waste and so research is ongoing (e.g http://scale-project.eu/) to determine if any economic recovery processes for Sc can be found. Sc in carbonatites and alkaline rocks Carbonatites (igneous carbonate rocks) and alkaline rocks (some of the most bizarre and extreme composition igneous silicate rocks) are the main types of deposits mined currently for REE, so we turned to existing geochemical databases to see if these rocks typically contain high concentrations of Sc. According to the GeoRoc database (http://georoc.mpch-mainz.gwdg.de/georoc) a single carbonatite sample from Pakkanadu, India revealed a Sc content of 237 ppm. A sample from Bayan Obo, China had a high Sc value of 111 ppm. The REE exploration boom of 2010 to 2013, and the increase of the traded price of Sc from $2,000 to $5,000/kg in 2012, encouraged a number of mining companies to include Sc in their initial resource calculations. Our review of these results, however, supports the idea that REE-rich carbonatites and alkaline rocks do not necessarily contain high concentrations of Sc (although some localities are worthy of future attention). The best-known example of Sc enrichment in carbonatite is probably the carbonatite-phoscorite deposit at Kovdor, Kola Peninsula, Russia (Fig. 4). This deposit is mined for magnetite, apatite and baddeleyite (ZrO2). Sc substitutes for Zr in baddeleyite (Kalashnikov and colleagues, Ore Geology Reviews 2016), which contains an average of 780 ppm Sc. Fig. 4, The phoscorite at Kovdor mine, Kola Peninsula, Russia has spectacular relationships between apatite, magnetite, olivine and calcite-rich rocks but Sc is contained in baddeleyite, a mineral rarely seen in the field. Africa’s best Sc potential may be in the Glenover pyroxenite-carbonatite complex in South Africa, with a Sc content of 300-500 ppm in a supergene apatite-martite breccia (Fig. 5). The complex was mined for apatite, while the low-grade ore was stockpiled rather than processed. This stockpiled material is of interest for its REE—including Sc—potential. The REE are hosted mainly in monazite but the Sc is hosted in zircono-silicates, aeschynite and secondary Nb-oxides. Sc-bearing aeschynite is now also recognised in the carbonatite and regarded, together with aegirine, as an important host for the primary Sc mineralisation. Fig. 5, The Glenover open pit mine, South Africa. (a) Secondary red coloured apatite-martite breccia (RHS) formed through weathering of carbonatite veins intruding apatite pyroxenite (LHS). Height of profile is approximately 20 m. (b) Diamond drill core sample of apatite-martite breccia containing angular white and cream coloured secondary apatite clasts. Recent exploration work by Imperial Mining on the Crater Lake alkaline complex located in Quebec, Canada, outlined significant Sc hosted in a magnetic ferro-syenite. The main host to this Sc is the clinopyroxene, hedenbergite. Values of nearly 450 ppm Sc were reported in the weathered Karingarab carbonatite in Namibia (Fig. 6), suggesting that weathering is a key factor in concentrating Sc. Tomtor (Yakutia, Russia) is a huge deposit of weathered carbonatite with exciting grades of niobium and REE, including average grades of 391 ppm Sc. Weathered carbonatites at Araxá and Catalão (Brazil), Mt Weld (Australia), Sukulu (Uganda), Mabounié (Gabon) and Sokli (Finland) all may be of interest for their Sc potential. Fig. 6, Examining drill core at Karingarab, Namibia. This material may contain as much as 437 ppm Sc. The future for Sc Although classed as a REE, the smaller cation size of Sc means that it doesn’t behave in the same way and its mineral hosts are not the same as for the other REE. So, we can’t use current understanding of REE behaviour to identify promising deposits of Sc and shouldn’t assume that REE-rich deposits will contain high concentrations of Sc. Our assessments of the concentrations of Sc in various rock types and deposits globally show that Sc associates with niobates, titanates, iron oxi/hydroxides and, importantly, clinopyroxene. Focused study of Sc content in clinopyroxene is therefore a necessary avenue for further research, and it may be worth looking again at previously investigated alkaline complexes and carbonatites. Successful, cheap and easy extractive metallurgy needs to be developed and fine-tuned to target this important potential host. Potential Sc deposits exist in Canada, Namibia, Brazil, Australia, Uganda, Gabon, and in Europe, Finland. Clearly, there are a number of promising deposits of Sc that could increase and diversify supply, and potentially reduce overreliance on China and Russia. Given the numerous applications of this ‘miracle metal’, Sc exploitation seems ripe for development. Research time and funds should be devoted to identifying viable Sc deposits in more western nations to secure supply, as well as to better understand how Sc can be more efficiently extracted from its many different sources. There is still plenty for geoscientists to do to improve our understanding of the geology, geochemistry and mineralogy of this rather neglected element. If successful, we could be on the cusp of a Sc boom. Note: All three authors are researchers on the EU H2020-funded HiTech AlkCarb project, grant number 689909. Pete Siegfried is also an independent consultant and has carried out consulting at the Glenover, Karingarab, Araxá and Catalão localities mentioned in this article. Pete Siegfried1, Frances Wall2 and Kathryn Moore2 1. GeoAfrica, P.O. Box 24218, Windhoek, Namibia 2. Camborne School of Mines, University of Exeter, Penryn Campus, Cornwall, TR10 9FE Further reading: Chakhmouradian, A.R. & Wall, F. (2012) Rare earth elements: minerals, mines, magnets (and more), Elements (Ottawa): an international magazine of mineralogy, geochemistry, and petrology 8, 333-340. Chassé, M., Griffin, W.L., O’Reilly, S.Y. & Calas, G. (2016) Scandium Speciation in a World-Class Lateritic Deposit. Geochemical Perspectives Letters 3, 105-114. Kalashnikov, A.O., et al. (2016) Scandium of the Kovdor baddeleyite–apatite–magnetite deposit (Murmansk Region, Russia): Mineralogy, spatial distribution, and potential resource. Ore Geology Reviews 72, 532–537. U.S. Geological Survey (2017) Mineral Commodity Summaries, January 2017, p146-147, https://minerals.usgs.gov/minerals/pubs/commodity/scandium/mcs-2017-scand.pdf (accessed January 2018). Van der Walt, G. N & Dabrowski, F. A. (2012) Geological Report and Resource estimate for the Glenover carbonatite project. Geoconsult International, 140 pp. http://www.galileoresources.com/reports.htm (accessed June 2018). Williams-Jones, A. E. & Vasyukova, O. V. (2018) The Economic Geology of Scandium, the Runt of the Rare Earth Element Litter. Economic Geology 113, 973-988."
929,"The geochemical and mineralogical characteristics of pelagic sediments collected from the Interoceanmetal Joint Organization (IOM) claim area, located in the eastern part of the Clarion-Clipperton Fracture Zone (CCFZ; eastern tropical Pacific), are described in this paper. The concentrations of rare earth elements (REE), as well as other selected critical elements contained in 135 sediment samples of siliceous clayey silts, are presented. The vertical and spatial variabilities of elements, with particular emphasis on REE as well as metals of the highest economic interest such as Cu, Ni, and Co, are detailed. The applied methods include grain size analysis by laser diffraction, geochemistry examination using ICP-MS, XRF, AAS, and CNS spectrometry, and XRD analysis of mineral composition (Rietveld method). Additionally, statistical methods such as factor analysis (FA) and principal components analysis (PCA) were applied to the results. Finally, a series of maps was prepared by geostatistical methods (universal kriging). Grain size analysis showed poor sorting of the examined fine-grained silts. ICP-MS indicated that total REE contents varied from 200 to 577 ppm, with a mean of 285 ppm, which is generally low. The contents of critical metals such as Cu, Ni, and Co were also low to moderate, apart from some individual sampling stations where total contents were 0.15% or more. Metal composition in sediments was dominated by Cu, Ni, and Zn. A mineral composition analysis revealed the dominance of amorphous biogenic opaline silica (27–58%), which were mostly remnants of diatoms, radiolarians, and sponges associated with clay minerals (23% to 48%), mostly Fe-smectite and illite, with mixed-layered illite/smectite. The high abundance of diagenetic barite crystals found in SEM−EDX observations explains the high content of Ba (up to 2.4%). The sediments showed complex lateral and horizontal fractionation trends for REE and critical metals, caused mostly by clay components, early diagenetic processes, admixtures of allogenic detrital minerals, or scavenging by micronodules."
950,"Research for critical raw materials is of special interest, due to their increasing demand, opulence of applications and shortage of supply. Bauxites, or bauxite residue after alumina extraction can be sources of critical raw materials (CRMs) due to their content of rare earth elements and other critical elements. Montenegrin bauxites and bauxite residue (red mud) are investigated for their mineralogy and geochemistry. The study of the CRM’s potential of the Montenegrin bauxite residue after the application of Bayer process, is performed for the first time. Montenegrin bauxites, (Jurassic bauxites from the Vojnik-Maganik and Prekornica ore regions from the Early Jurassic, Middle Jurassic-Oxfordian and Late Triassic paleorelief) are promising for their REE’s content (around 1000 ppm of ΣREE’s). More specifically, they are especially enriched in LREEs compared to HREEs. Regarding other CRMs and other elements, Ti, V, Zr, Nb, Sr and Ga could also be promising. In bauxite residue, the contents of Zr, Sr, V, Sc, La, Ce, Y, Ti and Nb are higher than those in bauxites. However, raw bauxites and bauxite residue as a secondary raw material can be considered as possible sources of CRMs."
957,"The demand for rare earth elements (REEs) has increased over the last decade due to applications in high technology devices including those in the defense industry. The recovery of REEs from primary sources such as rare earth minerals are viable using physical separations followed by chemical processing. However, weak market values and environmental concerns have limited the viability of such operations. On the other hand, REE recovery from secondary sources such as apatite ore, bauxite waste, and waste recycling, provides an opportunity to take advantage of a resource that does not require mining costs as well as other associated costs given that these expenses are covered by the revenue generated from the production of the primary material. Coal-based materials represent a potential source for REEs which may be extracted and concentrated by the use of physical and/or chemical processes. The current study focused on developing a leaching process to extract REEs from the pre-combustion coal sources including coarse and fine refuse and low-valued material obtained from coal preparation plants. Materials collected for leaching characteristic studies were found to have average total REE concentrations in the range of 200-350 ppm on a whole sample basis. Mineralogy studies performed on Fire Clay seam coal refuse using SEM-EDS detected micro-dispersed rare earth phosphate mineral particles which are generally difficult to dissolve in strong acid solutions. On the other hand, XRD analysis results from a high REE content segment of the West Kentucky No. 13 coal seam indicated the presence of fluorapatite which is soluble in weak acid solutions. The mineral associations of REEs were studied by extracting REEs using different types of acids under various pH conditions. Differential extraction of the REEs was examined along with the associated impurity elements such as iron, aluminum, and calcium among others. The findings showed that the light REEs were primarily associated in a phosphate mineral form, whereas the heavy REEs were mostly present in an ion substitution form associated with clay minerals. Relatively high concentrations of REEs were discovered in mixed-phase particles consisting of both coal and mineral matter. By reducing the particle size, more leachable forms of REEs were liberated and recovered along with the associated mineral matter embedded in the coal structure. The type of lixiviant played an important role during the initial stage of leaching but was found to be insignificant as the system reached equilibrium. Solids concentration in the leaching medium has an important role in establishing the throughput capacity of the leaching system. Test results found that an increase in solids concentration had a significant negative effect on rare earth recovery. This finding may be explained by higher concentrations of soluble calcium-based minerals such as calcite which provided localized pH increases near and within the pores of the solids. The result was precipitation of CaSO4 within the pores which blocked access for the lixiviants. This hypothesis was supported by the findings from BET and XPS analyses which found lower pore volume in high solid concentration systems and the existence of CaSO4 on the surface of the solids. Leaching test results obtained using sulfuric acid over a range of temperatures showed that the leaching process was mainly driven by a diffusion control process. The activation energy determined for an Illinois No. 6 coal source was 14.6 kJ/mol at the beginning of the reaction and 35.9 kJ/mol for the rest of the leaching process up to 2 hours. For material collected from the Fire Clay coal seam, the apparent activation energy was 36 kJ/mol at the start of the leaching reaction and decreased to 27 kJ/mol over the remaining period of the test. The activation energy values were nearly equivalent to the upper-level values that generally define a diffusion control process and the lower values of a chemical reaction control process. The lack of clarity in defining a clear control mechanism is likely associated with the variability in associated mineralogy, various modes of occurrence of the REEs and the interfacial transfer of product through the porous structure of the coal-based particles which requires relatively high activation energy. As such, both diffusion control and chemical reaction control mechanisms are likely occurring simultaneously during the leaching process with diffusion control being more dominant."
961,"Thorium (Th) anomaly was found in Adang Volcanic Complexes, Mamuju Area, West Sulawesi. This element is associated with high-value elements, the rare earth elements (REE). The minerals containing Th and REE were found in veins mineralization with various types of minerals which are very difficult to identify by conventional method. This research aims to understand the distribution and characterization of Th and REE in individual minerals, using Micro X-Ray Fluorescence (µXRF) analysis and completed by Advanced Minerals Identification and Characterization System (AMICS) software. The samples were collected from vein mineralization in Hulu Mamuju Sector. The contents of Th and REE that were analyzed using X-Ray Fluorescence (XRF) completed by Inductively Coupled Plasma Mass Spectrometry (ICP-MS) are 11,550-74,480 ppm and 6,244.15-48,036.87 ppm, respectively. The minerals that contain Th and REE are britholite ((Ce,Ca) 5 (SiO 4 ) 3 OH), aeschynite (Ce,Ca,Fe,Th)(Ti,Nb) 2 (O,OH) 6 , cerite (Ce,Ca) 9 (Mg,Fe)(SiO 4 ) 3 (HSiO 4 ) 4 (OH) 3 , monazite (REE,Th(PO 4 )), thorite (Th(SiO 4 )), and thorutite (Th,U,Ca)Ti 2 (O,OH) 6 associated with other minerals such as pyrite, actinolite, apatite, ilmenite, hematite, zircon and ankerite. Some minerals are uncommon minerals and are only characterized by detailed elemental mapping. The variety of minerals shows the condition of mineralization influenced by carbonatite magma and the hydrothermal process of mineralization Normal 0 false false false EN-ID JA AR-SA /* Style Definitions */ table.MsoNormalTable {mso-style-name:""Tabel Normal""; mso-tstyle-rowband-size:0; mso-tstyle-colband-size:0; mso-style-noshow:yes; mso-style-priority:99; mso-style-parent:""""; mso-padding-alt:0cm 5.4pt 0cm 5.4pt; mso-para-margin:0cm; mso-pagination:widow-orphan; mso-hyphenate:none; font-size:10.0pt; font-family:""Times New Roman"",serif; mso-fareast-language:EN-US;}"
963,"• 91 clay-hosted REE projects in Australia identified. • Mineral resources estimates have on average 145 Mt @ 971 ppm TREO. • REE deportment dominated by monazite and rhabdophane. • Mineral system differs from ionic clay deposits in South China and Madagascar. Rare-earth elements (REEs) are on the critical minerals list in multiple countries due to their application in renewable technologies, electromobility, and defence. A key exploration focus is on clay-hosted REE deposits, which are reported to have a higher proportion of heavy REEs (e.g. Tb and Dy) relative to light REEs. Previous studies have focused on ionic clay-hosted REE deposits in South China and Madagascar; however, little is known about the mineralogy and economic viability of clay-hosted REE projects in Australia. This study provides the first overview of current exploration activities in relation to clay-hosted REE projects in Australia and presents microanalytical data to characterise the distribution of REE-bearing minerals and guide metallurgical processing pathways, as well as mineral system criteria to inform exploration targeting. Our review identified 91 clay-hosted REE projects in Australia, most of which are in the Yilgarn Craton, Albany-Fraser Orogen and the Gawler Craton. Sixteen mineral resource estimates have been completed that have an average grade and tonnage of 971 ppm total rare-earth oxide (TREO) and 145 million tonnes (Mt) across all resources. This study identified monazite, bastnäsite, allanite, zircon, and apatite as the main REE sources in granitic-to-mafic protoliths. These are partially broken-down during weathering resulting in the formation of secondary REE minerals including rhabdophane, bastnäsite, aluminium phosphate sulphate (APS) group minerals, and cerianite. The most significant finding is that the REE budget of Australian clay-hosted REE deposits is dominated by the primary and secondary REE minerals accompanied by a minor ionic proportion. However, some deposits in South Australia, Queensland, and Tasmania yield a higher ionic proportion of >40%. Accordingly, the mineral system model for the majority of Australian projects differs from ionic deposits located in South China due to contrasting exogenic (surface processes) and endogenic (geological) factors, particularly within the Yilgarn Craton, and it remains unclear whether emerging projects within Australia host economic and extractable REEs."
981,"Abstract Carbonatites, usually occurring within intra-continental rift-related settings, have strong light rare earth element (LREE) enrichment; they rarely contain economic heavy REE (HREE). Here, we report the identification of Late Triassic HREE-Mo-rich carbonatites in the northernmost Qinling orogen. The rocks contain abundant primary HREE minerals and molybdenite. Calcite-hosted fluid inclusions, inferred to represent a magmatic-derived aqueous fluid phase, contain significant concentrations of Mo (~17 ppm), reinforcing the inference that these carbonatitic magmas had high Mo concentrations. By contrast, Late Triassic carbonatites in southernmost Qinling have economic LREE concentrations, but are depleted in HREE and Mo. Both of these carbonatite types have low δ 26 Mg values (−1.89 to −1.07‰), similar to sedimentary carbonates, suggesting a recycled sediment contribution for REE enrichment in their mantle sources. We propose that the carbonatites in the Qinling orogen were formed, at least in part, by the melting of a subducted carbonate-bearing slab, and that 10 Ma younger carbonatite magmas in the northernmost Qinling metasomatized the thickened eclogitic lower crust to produce high levels of HREE and Mo."
997,"Abstract Rare earth elements (REEs) have been a topic of profound interest for several decades especially in the present age of electronic and digital revolution. India has the world’s richest beach sands with REEs, yet it imports some strategic REEs to fulfil its demand. It’s high time to explore alternative sources to meet its demand and coal ash from Thermal Power Stations (TPS) can be a very good alternative resource. In the present study, coal and coal fly ash (CFA) from seven Indian TPSs have been evaluated for estimation of REEs and variations in minerals compositions. Mineralogy of the samples is estimated using X-Ray diffraction (XRD) technique. Coal samples mostly consist of quartz and kaolinite however phase transformations of minerals occurred due to high temperature treatment during combustion. CFA mostly contains quartz and mullite. REEs have been determined by Inductively Coupled Plasma-Atomic Emission Spectrometry (ICP-AES) and considerable occurrence of any specific REE is not observed. Among the studied TPSs, Pr has the highest concentration among REEs in ash, reaching up to 63 ppm. The Outlook Coefficient (Cout) of REEs is in the range of 0.3 - 4.5 and 0.1 - 1.2 for coal and CFA respectively. In this research paper, Enrichment Coefficient (Δe) has been introduced to see the enrichment of REE in CFA with respect to the mother coal and a graph of Δe vs glassy phase has been plotted to observe the partitioning of REEs. Occurrence of Light REEs is more prominent than Heavy REEs."